Agent_ID,Geo,NSE,Age,Sit_Personal,Bienes_Durables,Sit_Pais
Agent_0001,CABA,D/E,28,Positiva,Negativa,Negativa
Agent_0002,Interior,D/E,58,Negativa,Negativa,Neutral
Agent_0003,Interior,D/E,35,Negativa,Negativa,Negativa
Agent_0004,Interior,D/E,84,Positiva,Negativa,Negativa
Agent_0005,Interior,D/E,35,Positiva,Positiva,Negativa
Agent_0006,CABA,ABC1,82,Negativa,Neutral,Negativa
Agent_0007,Interior,ABC1,30,Positiva,Negativa,Negativa
Agent_0008,Interior,ABC1,69,Positiva,Neutral,Neutral
Agent_0009,GBA,D/E,25,Negativa,Negativa,Negativa
Agent_0010,Interior,D/E,21,Neutral,Negativa,Negativa
Agent_0011,GBA,D/E,42,Neutral,Negativa,Negativa
Agent_0012,GBA,C2,45,Neutral,Neutral,Negativa
Agent_0013,CABA,C3,70,Positiva,Negativa,Positiva
Agent_0014,Interior,D/E,30,Negativa,Negativa,Positiva
Agent_0015,Interior,C2,28,Positiva,Negativa,Neutral
Agent_0016,CABA,C3,76,Positiva,Negativa,Positiva
Agent_0017,GBA,D/E,25,Negativa,Neutral,Negativa
Agent_0018,Interior,ABC1,38,Neutral,Negativa,Positiva
Agent_0019,CABA,C2,52,Positiva,Neutral,Negativa
Agent_0020,CABA,C3,32,Positiva,Negativa,Negativa
Agent_0021,GBA,ABC1,72,Positiva,Negativa,Neutral
Agent_0022,GBA,C3,43,Positiva,Neutral,Neutral
Agent_0023,GBA,ABC1,62,Negativa,Positiva,Positiva
Agent_0024,CABA,C2,23,Neutral,Negativa,Positiva
Agent_0025,Interior,D/E,58,Negativa,Negativa,Positiva
Agent_0026,CABA,C3,44,Positiva,Positiva,Negativa
Agent_0027,GBA,ABC1,21,Positiva,Negativa,Neutral
Agent_0028,Interior,C3,53,Negativa,Neutral,Neutral
Agent_0029,Interior,D/E,25,Neutral,Negativa,Neutral
Agent_0030,CABA,D/E,55,Negativa,Neutral,Neutral
Agent_0031,Interior,D/E,63,Negativa,Negativa,Neutral
Agent_0032,GBA,D/E,22,Negativa,Negativa,Negativa
Agent_0033,CABA,C3,19,Negativa,Neutral,Negativa
Agent_0034,CABA,D/E,75,Negativa,Negativa,Negativa
Agent_0035,Interior,C3,81,Neutral,Negativa,Neutral
Agent_0036,CABA,ABC1,59,Positiva,Neutral,Negativa
Agent_0037,Interior,C2,33,Negativa,Negativa,Positiva
Agent_0038,Interior,ABC1,61,Positiva,Neutral,Positiva
Agent_0039,CABA,C3,64,Negativa,Negativa,Neutral
Agent_0040,Interior,C2,47,Positiva,Positiva,Negativa
Agent_0041,Interior,D/E,42,Negativa,Negativa,Negativa
Agent_0042,Interior,ABC1,71,Negativa,Positiva,Negativa
Agent_0043,GBA,D/E,27,Negativa,Negativa,Negativa
Agent_0044,CABA,C3,36,Neutral,Neutral,Positiva
Agent_0045,Interior,ABC1,41,Positiva,Negativa,Positiva
Agent_0046,GBA,C3,69,Positiva,Negativa,Positiva
Agent_0047,Interior,ABC1,38,Negativa,Neutral,Positiva
Agent_0048,GBA,C3,78,Positiva,Positiva,Negativa
Agent_0049,Interior,ABC1,38,Neutral,Positiva,Negativa
Agent_0050,GBA,D/E,63,Negativa,Negativa,Neutral
Agent_0051,GBA,C3,58,Negativa,Negativa,Positiva
Agent_0052,GBA,D/E,38,Negativa,Negativa,Neutral
Agent_0053,GBA,D/E,27,Negativa,Negativa,Negativa
Agent_0054,GBA,D/E,71,Negativa,Negativa,Negativa
Agent_0055,Interior,D/E,80,Negativa,Negativa,Neutral
Agent_0056,Interior,D/E,71,Negativa,Negativa,Positiva
Agent_0057,GBA,D/E,50,Negativa,Negativa,Neutral
Agent_0058,Interior,C2,18,Neutral,Negativa,Positiva
Agent_0059,GBA,C3,45,Neutral,Negativa,Positiva
Agent_0060,GBA,D/E,83,Neutral,Negativa,Positiva
Agent_0061,Interior,C3,24,Positiva,Neutral,Neutral
Agent_0062,GBA,D/E,43,Negativa,Negativa,Negativa
Agent_0063,CABA,C3,33,Neutral,Positiva,Positiva
Agent_0064,GBA,ABC1,32,Positiva,Negativa,Positiva
Agent_0065,Interior,C2,50,Positiva,Neutral,Neutral
Agent_0066,GBA,D/E,18,Negativa,Negativa,Negativa
Agent_0067,Interior,C3,73,Positiva,Neutral,Neutral
Agent_0068,Interior,D/E,64,Negativa,Negativa,Negativa
Agent_0069,CABA,D/E,66,Neutral,Negativa,Negativa
Agent_0070,GBA,D/E,61,Negativa,Negativa,Neutral
Agent_0071,GBA,C3,81,Positiva,Negativa,Positiva
Agent_0072,Interior,D/E,74,Negativa,Negativa,Negativa
Agent_0073,Interior,C3,23,Neutral,Neutral,Positiva
Agent_0074,GBA,D/E,30,Negativa,Negativa,Negativa
Agent_0075,Interior,C3,57,Positiva,Negativa,Positiva
Agent_0076,GBA,C3,64,Neutral,Negativa,Negativa
Agent_0077,GBA,D/E,24,Positiva,Negativa,Positiva
Agent_0078,GBA,D/E,47,Negativa,Negativa,Neutral
Agent_0079,Interior,D/E,79,Negativa,Negativa,Neutral
Agent_0080,Interior,D/E,44,Negativa,Negativa,Negativa
Agent_0081,CABA,C2,41,Neutral,Positiva,Negativa
Agent_0082,Interior,D/E,85,Negativa,Neutral,Positiva
Agent_0083,Interior,C2,83,Neutral,Positiva,Positiva
Agent_0084,Interior,D/E,41,Negativa,Negativa,Neutral
Agent_0085,Interior,D/E,42,Negativa,Negativa,Negativa
Agent_0086,Interior,C3,42,Positiva,Negativa,Positiva
Agent_0087,Interior,ABC1,36,Neutral,Negativa,Positiva
Agent_0088,CABA,C2,52,Neutral,Positiva,Negativa
Agent_0089,Interior,ABC1,20,Positiva,Negativa,Neutral
Agent_0090,Interior,C3,59,Neutral,Negativa,Negativa
Agent_0091,Interior,C3,28,Neutral,Neutral,Positiva
Agent_0092,Interior,C2,22,Positiva,Positiva,Negativa
Agent_0093,Interior,C3,78,Negativa,Negativa,Negativa
Agent_0094,Interior,D/E,66,Neutral,Negativa,Negativa
Agent_0095,Interior,C3,59,Positiva,Neutral,Positiva
Agent_0096,CABA,D/E,46,Negativa,Negativa,Positiva
Agent_0097,GBA,D/E,53,Negativa,Negativa,Negativa
Agent_0098,Interior,C3,51,Positiva,Negativa,Neutral
Agent_0099,Interior,D/E,51,Negativa,Negativa,Negativa
Agent_0100,Interior,ABC1,50,Negativa,Neutral,Positiva
Agent_0101,Interior,C3,23,Neutral,Positiva,Positiva
Agent_0102,Interior,ABC1,48,Positiva,Negativa,Neutral
Agent_0103,Interior,D/E,85,Neutral,Negativa,Positiva
Agent_0104,Interior,C3,30,Positiva,Negativa,Negativa
Agent_0105,CABA,C2,21,Negativa,Negativa,Neutral
Agent_0106,Interior,C3,21,Positiva,Negativa,Positiva
Agent_0107,Interior,ABC1,56,Neutral,Negativa,Positiva
Agent_0108,Interior,D/E,62,Negativa,Negativa,Negativa
Agent_0109,GBA,C3,32,Neutral,Negativa,Positiva
Agent_0110,Interior,D/E,41,Negativa,Negativa,Neutral
Agent_0111,CABA,D/E,28,Positiva,Negativa,Neutral
Agent_0112,Interior,D/E,34,Negativa,Neutral,Negativa
Agent_0113,Interior,D/E,54,Negativa,Negativa,Neutral
Agent_0114,Interior,D/E,47,Neutral,Negativa,Negativa
Agent_0115,Interior,C3,79,Neutral,Negativa,Negativa
Agent_0116,Interior,D/E,72,Negativa,Negativa,Positiva
Agent_0117,Interior,D/E,33,Negativa,Negativa,Negativa
Agent_0118,CABA,D/E,30,Negativa,Neutral,Neutral
Agent_0119,Interior,D/E,49,Negativa,Negativa,Negativa
Agent_0120,CABA,C3,57,Neutral,Negativa,Neutral
Agent_0121,CABA,D/E,32,Negativa,Negativa,Negativa
Agent_0122,GBA,ABC1,70,Neutral,Negativa,Positiva
Agent_0123,Interior,D/E,55,Neutral,Negativa,Negativa
Agent_0124,Interior,D/E,72,Negativa,Negativa,Negativa
Agent_0125,CABA,C2,31,Positiva,Positiva,Positiva
Agent_0126,Interior,D/E,48,Negativa,Negativa,Neutral
Agent_0127,GBA,ABC1,37,Neutral,Negativa,Positiva
Agent_0128,Interior,ABC1,48,Positiva,Negativa,Neutral
Agent_0129,GBA,D/E,65,Neutral,Negativa,Negativa
Agent_0130,Interior,ABC1,18,Neutral,Negativa,Positiva
Agent_0131,Interior,D/E,26,Neutral,Negativa,Negativa
Agent_0132,Interior,D/E,61,Negativa,Neutral,Negativa
Agent_0133,Interior,D/E,62,Negativa,Negativa,Negativa
Agent_0134,Interior,C2,76,Positiva,Neutral,Positiva
Agent_0135,Interior,C3,75,Neutral,Neutral,Positiva
Agent_0136,GBA,D/E,22,Negativa,Negativa,Negativa
Agent_0137,GBA,D/E,44,Negativa,Neutral,Neutral
Agent_0138,GBA,ABC1,58,Neutral,Negativa,Neutral
Agent_0139,Interior,D/E,19,Positiva,Negativa,Negativa
Agent_0140,Interior,ABC1,21,Positiva,Positiva,Positiva
Agent_0141,CABA,ABC1,75,Neutral,Neutral,Positiva
Agent_0142,GBA,D/E,18,Negativa,Negativa,Positiva
Agent_0143,Interior,D/E,28,Negativa,Negativa,Negativa
Agent_0144,GBA,C3,45,Neutral,Negativa,Neutral
Agent_0145,GBA,D/E,42,Negativa,Negativa,Negativa
Agent_0146,GBA,C3,46,Negativa,Negativa,Neutral
Agent_0147,Interior,C3,74,Neutral,Neutral,Neutral
Agent_0148,GBA,D/E,21,Negativa,Negativa,Neutral
Agent_0149,Interior,D/E,70,Negativa,Negativa,Negativa
Agent_0150,Interior,C3,20,Neutral,Neutral,Positiva
Agent_0151,Interior,D/E,23,Negativa,Negativa,Negativa
Agent_0152,GBA,C3,34,Negativa,Neutral,Neutral
Agent_0153,GBA,C2,36,Positiva,Neutral,Neutral
Agent_0154,GBA,C3,71,Neutral,Negativa,Negativa
Agent_0155,CABA,D/E,39,Neutral,Negativa,Negativa
Agent_0156,Interior,D/E,68,Negativa,Negativa,Negativa
Agent_0157,Interior,ABC1,35,Neutral,Negativa,Neutral
Agent_0158,Interior,D/E,43,Negativa,Negativa,Negativa
Agent_0159,GBA,D/E,54,Negativa,Negativa,Negativa
Agent_0160,GBA,D/E,65,Negativa,Negativa,Positiva
Agent_0161,Interior,D/E,68,Negativa,Negativa,Neutral
Agent_0162,Interior,C3,78,Neutral,Neutral,Positiva
Agent_0163,GBA,C3,34,Positiva,Negativa,Negativa
Agent_0164,Interior,ABC1,40,Negativa,Negativa,Negativa
Agent_0165,Interior,ABC1,39,Negativa,Neutral,Positiva
Agent_0166,Interior,C3,84,Neutral,Neutral,Neutral
Agent_0167,Interior,D/E,20,Negativa,Negativa,Positiva
Agent_0168,CABA,C3,19,Positiva,Negativa,Neutral
Agent_0169,Interior,C3,52,Neutral,Neutral,Negativa
Agent_0170,Interior,C3,82,Positiva,Neutral,Neutral
Agent_0171,GBA,C3,40,Neutral,Positiva,Negativa
Agent_0172,GBA,C3,52,Negativa,Negativa,Neutral
Agent_0173,Interior,C2,49,Negativa,Neutral,Negativa
Agent_0174,CABA,C3,68,Neutral,Positiva,Neutral
Agent_0175,CABA,C2,53,Positiva,Negativa,Positiva
Agent_0176,Interior,D/E,46,Negativa,Negativa,Negativa
Agent_0177,Interior,C2,45,Neutral,Neutral,Negativa
Agent_0178,GBA,D/E,61,Neutral,Negativa,Negativa
Agent_0179,Interior,D/E,75,Positiva,Neutral,Neutral
Agent_0180,GBA,D/E,71,Negativa,Negativa,Negativa
Agent_0181,Interior,ABC1,18,Negativa,Neutral,Negativa
Agent_0182,CABA,D/E,18,Negativa,Negativa,Negativa
Agent_0183,Interior,C3,21,Positiva,Negativa,Neutral
Agent_0184,Interior,C2,49,Neutral,Positiva,Positiva
Agent_0185,GBA,D/E,43,Negativa,Negativa,Neutral
Agent_0186,Interior,D/E,50,Negativa,Negativa,Positiva
Agent_0187,GBA,C3,28,Neutral,Negativa,Negativa
Agent_0188,CABA,ABC1,76,Positiva,Negativa,Positiva
Agent_0189,GBA,D/E,51,Negativa,Negativa,Negativa
Agent_0190,Interior,D/E,74,Negativa,Neutral,Negativa
Agent_0191,Interior,D/E,29,Positiva,Negativa,Negativa
Agent_0192,Interior,D/E,30,Negativa,Negativa,Negativa
Agent_0193,GBA,C3,31,Negativa,Neutral,Neutral
Agent_0194,GBA,ABC1,81,Negativa,Negativa,Neutral
Agent_0195,Interior,C3,22,Neutral,Neutral,Neutral
Agent_0196,GBA,D/E,28,Negativa,Negativa,Positiva
Agent_0197,GBA,D/E,28,Negativa,Negativa,Negativa
Agent_0198,CABA,ABC1,44,Neutral,Neutral,Negativa
Agent_0199,GBA,D/E,34,Negativa,Neutral,Negativa
Agent_0200,GBA,D/E,76,Negativa,Negativa,Neutral
Agent_0201,GBA,C2,41,Neutral,Neutral,Neutral
Agent_0202,CABA,C2,20,Positiva,Positiva,Positiva
Agent_0203,Interior,C3,84,Neutral,Neutral,Neutral
Agent_0204,GBA,C3,72,Negativa,Positiva,Positiva
Agent_0205,Interior,C3,20,Negativa,Negativa,Negativa
Agent_0206,Interior,D/E,57,Negativa,Negativa,Negativa
Agent_0207,Interior,ABC1,64,Negativa,Neutral,Positiva
Agent_0208,GBA,C2,83,Negativa,Negativa,Negativa
Agent_0209,Interior,D/E,56,Negativa,Negativa,Negativa
Agent_0210,Interior,D/E,39,Negativa,Negativa,Negativa
Agent_0211,Interior,C3,49,Positiva,Positiva,Negativa
Agent_0212,Interior,D/E,20,Positiva,Neutral,Positiva
Agent_0213,Interior,ABC1,20,Positiva,Negativa,Neutral
Agent_0214,Interior,D/E,72,Negativa,Negativa,Positiva
Agent_0215,Interior,C3,63,Negativa,Negativa,Negativa
Agent_0216,CABA,D/E,25,Negativa,Negativa,Negativa
Agent_0217,CABA,ABC1,65,Neutral,Neutral,Positiva
Agent_0218,GBA,D/E,38,Negativa,Neutral,Positiva
Agent_0219,Interior,ABC1,18,Positiva,Negativa,Positiva
Agent_0220,Interior,C2,48,Negativa,Neutral,Positiva
Agent_0221,Interior,ABC1,67,Neutral,Negativa,Positiva
Agent_0222,GBA,ABC1,27,Neutral,Negativa,Neutral
Agent_0223,Interior,D/E,61,Negativa,Negativa,Negativa
Agent_0224,GBA,C3,61,Positiva,Neutral,Neutral
Agent_0225,GBA,D/E,67,Negativa,Negativa,Positiva
Agent_0226,Interior,C3,50,Negativa,Neutral,Neutral
Agent_0227,Interior,D/E,61,Negativa,Positiva,Positiva
Agent_0228,CABA,C3,63,Neutral,Neutral,Positiva
Agent_0229,Interior,C2,62,Neutral,Negativa,Neutral
Agent_0230,CABA,ABC1,52,Positiva,Negativa,Positiva
Agent_0231,Interior,D/E,53,Positiva,Negativa,Negativa
Agent_0232,CABA,C3,21,Negativa,Negativa,Negativa
Agent_0233,Interior,D/E,39,Negativa,Negativa,Neutral
Agent_0234,Interior,C2,56,Positiva,Negativa,Positiva
Agent_0235,GBA,D/E,81,Negativa,Negativa,Negativa
Agent_0236,Interior,ABC1,43,Negativa,Neutral,Negativa
Agent_0237,CABA,D/E,32,Negativa,Neutral,Negativa
Agent_0238,Interior,D/E,39,Negativa,Neutral,Negativa
Agent_0239,GBA,ABC1,75,Positiva,Negativa,Neutral
Agent_0240,CABA,ABC1,36,Neutral,Negativa,Positiva
Agent_0241,GBA,C3,80,Positiva,Negativa,Neutral
Agent_0242,Interior,D/E,39,Neutral,Negativa,Negativa
Agent_0243,Interior,D/E,52,Positiva,Negativa,Negativa
Agent_0244,Interior,ABC1,21,Neutral,Negativa,Negativa
Agent_0245,CABA,C2,84,Neutral,Negativa,Negativa
Agent_0246,Interior,ABC1,59,Neutral,Neutral,Neutral
Agent_0247,Interior,C3,20,Negativa,Neutral,Negativa
Agent_0248,Interior,D/E,84,Negativa,Negativa,Negativa
Agent_0249,GBA,D/E,65,Negativa,Negativa,Negativa
Agent_0250,Interior,C3,54,Negativa,Negativa,Positiva
Agent_0251,GBA,D/E,80,Negativa,Negativa,Positiva
Agent_0252,GBA,D/E,22,Positiva,Negativa,Negativa
Agent_0253,CABA,C2,35,Neutral,Positiva,Positiva
Agent_0254,Interior,ABC1,31,Positiva,Neutral,Positiva
Agent_0255,CABA,D/E,82,Negativa,Neutral,Neutral
Agent_0256,Interior,ABC1,52,Positiva,Negativa,Positiva
Agent_0257,GBA,D/E,60,Neutral,Negativa,Negativa
Agent_0258,GBA,C3,25,Negativa,Neutral,Neutral
Agent_0259,Interior,C2,18,Positiva,Positiva,Positiva
Agent_0260,CABA,D/E,23,Positiva,Negativa,Neutral
Agent_0261,GBA,D/E,64,Neutral,Negativa,Negativa
Agent_0262,GBA,C2,42,Neutral,Positiva,Neutral
Agent_0263,Interior,ABC1,38,Neutral,Neutral,Neutral
Agent_0264,CABA,C2,54,Negativa,Neutral,Neutral
Agent_0265,CABA,C3,24,Negativa,Positiva,Positiva
Agent_0266,GBA,D/E,41,Negativa,Neutral,Negativa
Agent_0267,CABA,ABC1,23,Neutral,Negativa,Positiva
Agent_0268,GBA,D/E,36,Neutral,Neutral,Negativa
Agent_0269,GBA,C3,38,Neutral,Negativa,Negativa
Agent_0270,CABA,C2,31,Positiva,Neutral,Positiva
Agent_0271,GBA,C3,52,Neutral,Negativa,Neutral
Agent_0272,Interior,ABC1,20,Neutral,Negativa,Positiva
Agent_0273,Interior,C3,46,Negativa,Neutral,Positiva
Agent_0274,GBA,D/E,26,Positiva,Negativa,Negativa
Agent_0275,Interior,C3,32,Positiva,Negativa,Negativa
Agent_0276,Interior,ABC1,66,Negativa,Negativa,Negativa
Agent_0277,Interior,C2,52,Negativa,Neutral,Positiva
Agent_0278,Interior,ABC1,50,Positiva,Positiva,Positiva
Agent_0279,CABA,D/E,66,Neutral,Negativa,Negativa
Agent_0280,GBA,ABC1,82,Neutral,Positiva,Positiva
Agent_0281,Interior,ABC1,43,Positiva,Negativa,Positiva
Agent_0282,Interior,D/E,22,Neutral,Negativa,Negativa
Agent_0283,Interior,C3,44,Negativa,Negativa,Negativa
Agent_0284,CABA,C2,78,Neutral,Positiva,Negativa
Agent_0285,Interior,C3,63,Negativa,Negativa,Positiva
Agent_0286,GBA,C3,59,Neutral,Negativa,Neutral
Agent_0287,Interior,C2,40,Positiva,Negativa,Neutral
Agent_0288,Interior,C3,21,Neutral,Negativa,Neutral
Agent_0289,GBA,D/E,34,Neutral,Negativa,Positiva
Agent_0290,Interior,D/E,42,Negativa,Negativa,Negativa
Agent_0291,CABA,C3,23,Neutral,Neutral,Neutral
Agent_0292,Interior,D/E,19,Negativa,Negativa,Negativa
Agent_0293,GBA,ABC1,77,Neutral,Negativa,Negativa
Agent_0294,Interior,D/E,70,Negativa,Negativa,Negativa
Agent_0295,Interior,C3,73,Neutral,Negativa,Positiva
Agent_0296,GBA,D/E,67,Negativa,Negativa,Negativa
Agent_0297,Interior,D/E,79,Negativa,Negativa,Negativa
Agent_0298,Interior,C3,48,Neutral,Neutral,Neutral
Agent_0299,Interior,C2,80,Positiva,Negativa,Positiva
Agent_0300,Interior,C2,20,Neutral,Negativa,Positiva
Agent_0301,Interior,C3,30,Negativa,Negativa,Positiva
Agent_0302,GBA,D/E,42,Negativa,Negativa,Negativa
Agent_0303,CABA,C3,28,Negativa,Negativa,Negativa
Agent_0304,Interior,D/E,39,Negativa,Neutral,Negativa
Agent_0305,Interior,D/E,46,Negativa,Negativa,Negativa
Agent_0306,Interior,D/E,37,Negativa,Negativa,Negativa
Agent_0307,Interior,D/E,50,Negativa,Positiva,Negativa
Agent_0308,GBA,ABC1,45,Negativa,Negativa,Positiva
Agent_0309,Interior,C3,37,Neutral,Negativa,Positiva
Agent_0310,CABA,D/E,66,Negativa,Negativa,Neutral
Agent_0311,Interior,ABC1,57,Negativa,Positiva,Negativa
Agent_0312,Interior,C3,68,Positiva,Negativa,Negativa
Agent_0313,GBA,C3,42,Neutral,Negativa,Negativa
Agent_0314,GBA,D/E,62,Negativa,Negativa,Neutral
Agent_0315,Interior,ABC1,32,Negativa,Neutral,Negativa
Agent_0316,GBA,ABC1,52,Negativa,Neutral,Negativa
Agent_0317,GBA,C2,54,Neutral,Positiva,Neutral
Agent_0318,CABA,D/E,24,Negativa,Negativa,Negativa
Agent_0319,Interior,D/E,48,Negativa,Negativa,Negativa
Agent_0320,Interior,C3,85,Neutral,Positiva,Negativa
Agent_0321,Interior,C2,25,Neutral,Neutral,Negativa
Agent_0322,CABA,D/E,66,Neutral,Negativa,Negativa
Agent_0323,CABA,D/E,47,Negativa,Negativa,Neutral
Agent_0324,CABA,C3,19,Neutral,Negativa,Neutral
Agent_0325,Interior,D/E,64,Negativa,Negativa,Negativa
Agent_0326,GBA,C2,33,Positiva,Negativa,Positiva
Agent_0327,GBA,C3,57,Negativa,Negativa,Neutral
Agent_0328,Interior,D/E,38,Neutral,Negativa,Negativa
Agent_0329,CABA,D/E,75,Negativa,Neutral,Negativa
Agent_0330,GBA,D/E,46,Neutral,Neutral,Negativa
Agent_0331,GBA,D/E,43,Negativa,Negativa,Negativa
Agent_0332,GBA,ABC1,43,Negativa,Neutral,Neutral
Agent_0333,Interior,C2,18,Negativa,Neutral,Neutral
Agent_0334,GBA,C2,47,Negativa,Negativa,Positiva
Agent_0335,GBA,ABC1,46,Negativa,Negativa,Negativa
Agent_0336,Interior,C3,46,Positiva,Negativa,Neutral
Agent_0337,Interior,D/E,28,Negativa,Negativa,Negativa
Agent_0338,Interior,C2,20,Neutral,Positiva,Neutral
Agent_0339,Interior,D/E,59,Positiva,Negativa,Negativa
Agent_0340,GBA,D/E,67,Negativa,Negativa,Negativa
Agent_0341,Interior,C3,66,Neutral,Negativa,Positiva
Agent_0342,Interior,D/E,34,Negativa,Negativa,Positiva
Agent_0343,Interior,D/E,26,Neutral,Negativa,Negativa
Agent_0344,Interior,C3,37,Positiva,Positiva,Positiva
Agent_0345,GBA,C2,49,Neutral,Positiva,Negativa
Agent_0346,Interior,C3,18,Negativa,Negativa,Negativa
Agent_0347,Interior,D/E,38,Negativa,Negativa,Negativa
Agent_0348,Interior,C3,68,Neutral,Negativa,Negativa
Agent_0349,Interior,D/E,85,Negativa,Negativa,Positiva
Agent_0350,Interior,D/E,35,Negativa,Neutral,Neutral
Agent_0351,GBA,D/E,40,Negativa,Negativa,Negativa
Agent_0352,Interior,D/E,35,Negativa,Negativa,Negativa
Agent_0353,Interior,D/E,70,Negativa,Neutral,Negativa
Agent_0354,Interior,D/E,48,Negativa,Negativa,Neutral
Agent_0355,Interior,D/E,38,Neutral,Negativa,Negativa
Agent_0356,Interior,ABC1,27,Neutral,Positiva,Neutral
Agent_0357,GBA,C3,28,Neutral,Negativa,Positiva
Agent_0358,GBA,D/E,33,Positiva,Negativa,Negativa
Agent_0359,Interior,D/E,46,Neutral,Negativa,Negativa
Agent_0360,Interior,D/E,27,Neutral,Neutral,Negativa
Agent_0361,Interior,D/E,58,Neutral,Negativa,Negativa
Agent_0362,Interior,D/E,45,Negativa,Negativa,Negativa
Agent_0363,CABA,C3,81,Negativa,Negativa,Positiva
Agent_0364,GBA,D/E,61,Negativa,Negativa,Negativa
Agent_0365,Interior,C2,39,Negativa,Neutral,Negativa
Agent_0366,GBA,D/E,31,Negativa,Negativa,Negativa
Agent_0367,GBA,D/E,70,Negativa,Negativa,Negativa
Agent_0368,Interior,ABC1,22,Positiva,Positiva,Negativa
Agent_0369,Interior,ABC1,49,Positiva,Neutral,Neutral
Agent_0370,Interior,ABC1,85,Positiva,Negativa,Neutral
Agent_0371,Interior,D/E,81,Neutral,Negativa,Neutral
Agent_0372,Interior,D/E,64,Negativa,Negativa,Negativa
Agent_0373,Interior,ABC1,57,Positiva,Neutral,Positiva
Agent_0374,Interior,C3,26,Negativa,Neutral,Positiva
Agent_0375,Interior,C2,24,Negativa,Negativa,Positiva
Agent_0376,Interior,D/E,71,Neutral,Negativa,Neutral
Agent_0377,GBA,D/E,35,Negativa,Negativa,Negativa
Agent_0378,GBA,C2,61,Neutral,Negativa,Negativa
Agent_0379,GBA,C2,58,Positiva,Negativa,Neutral
Agent_0380,Interior,D/E,62,Negativa,Negativa,Negativa
Agent_0381,GBA,ABC1,34,Neutral,Positiva,Negativa
Agent_0382,Interior,ABC1,57,Positiva,Positiva,Negativa
Agent_0383,Interior,D/E,59,Negativa,Negativa,Negativa
Agent_0384,Interior,C3,44,Positiva,Positiva,Positiva
Agent_0385,GBA,D/E,45,Neutral,Negativa,Negativa
Agent_0386,CABA,D/E,21,Negativa,Negativa,Positiva
Agent_0387,CABA,ABC1,74,Neutral,Negativa,Negativa
Agent_0388,Interior,C3,38,Negativa,Positiva,Positiva
Agent_0389,GBA,D/E,31,Positiva,Negativa,Negativa
Agent_0390,Interior,D/E,83,Negativa,Negativa,Neutral
Agent_0391,Interior,D/E,50,Negativa,Negativa,Neutral
Agent_0392,GBA,D/E,25,Negativa,Negativa,Neutral
Agent_0393,Interior,D/E,55,Positiva,Negativa,Neutral
Agent_0394,Interior,D/E,27,Negativa,Neutral,Negativa
Agent_0395,Interior,C3,35,Negativa,Negativa,Neutral
Agent_0396,GBA,ABC1,78,Negativa,Negativa,Positiva
Agent_0397,Interior,D/E,52,Negativa,Neutral,Positiva
Agent_0398,GBA,D/E,28,Negativa,Neutral,Negativa
Agent_0399,GBA,D/E,36,Negativa,Negativa,Negativa
Agent_0400,CABA,C2,36,Positiva,Positiva,Negativa
Agent_0401,Interior,C3,85,Positiva,Neutral,Positiva
Agent_0402,GBA,D/E,83,Negativa,Negativa,Negativa
Agent_0403,Interior,D/E,31,Negativa,Negativa,Positiva
Agent_0404,Interior,D/E,41,Negativa,Neutral,Negativa
Agent_0405,CABA,D/E,52,Negativa,Neutral,Negativa
Agent_0406,Interior,D/E,25,Negativa,Negativa,Negativa
Agent_0407,Interior,C2,40,Positiva,Neutral,Positiva
Agent_0408,GBA,D/E,77,Negativa,Negativa,Positiva
Agent_0409,GBA,D/E,49,Negativa,Negativa,Negativa
Agent_0410,CABA,D/E,26,Positiva,Negativa,Positiva
Agent_0411,GBA,D/E,41,Negativa,Negativa,Negativa
Agent_0412,CABA,ABC1,84,Negativa,Negativa,Positiva
Agent_0413,Interior,D/E,31,Neutral,Neutral,Negativa
Agent_0414,GBA,D/E,66,Negativa,Negativa,Negativa
Agent_0415,CABA,D/E,42,Negativa,Negativa,Negativa
Agent_0416,Interior,D/E,61,Neutral,Positiva,Negativa
Agent_0417,Interior,C2,52,Neutral,Neutral,Negativa
Agent_0418,CABA,C3,28,Negativa,Negativa,Neutral
Agent_0419,Interior,C3,47,Neutral,Negativa,Negativa
Agent_0420,GBA,C3,55,Negativa,Negativa,Neutral
Agent_0421,GBA,C2,48,Neutral,Negativa,Neutral
Agent_0422,GBA,ABC1,33,Positiva,Negativa,Positiva
Agent_0423,Interior,ABC1,38,Negativa,Positiva,Neutral
Agent_0424,Interior,ABC1,45,Neutral,Negativa,Negativa
Agent_0425,Interior,D/E,23,Negativa,Neutral,Positiva
Agent_0426,Interior,D/E,39,Negativa,Negativa,Positiva
Agent_0427,Interior,C2,39,Positiva,Negativa,Neutral
Agent_0428,GBA,D/E,47,Negativa,Negativa,Neutral
Agent_0429,Interior,C3,32,Positiva,Negativa,Positiva
Agent_0430,Interior,C3,55,Positiva,Negativa,Positiva
Agent_0431,Interior,D/E,30,Negativa,Neutral,Positiva
Agent_0432,CABA,ABC1,41,Negativa,Negativa,Neutral
Agent_0433,Interior,C3,39,Positiva,Neutral,Neutral
Agent_0434,Interior,C2,43,Negativa,Neutral,Negativa
Agent_0435,CABA,C3,58,Positiva,Negativa,Negativa
Agent_0436,Interior,C2,38,Negativa,Positiva,Positiva
Agent_0437,Interior,D/E,76,Negativa,Negativa,Negativa
Agent_0438,CABA,D/E,43,Negativa,Negativa,Positiva
Agent_0439,CABA,C3,43,Neutral,Negativa,Negativa
Agent_0440,Interior,ABC1,54,Neutral,Neutral,Neutral
Agent_0441,GBA,C3,49,Neutral,Negativa,Positiva
Agent_0442,GBA,D/E,56,Neutral,Negativa,Negativa
Agent_0443,GBA,ABC1,64,Negativa,Neutral,Neutral
Agent_0444,CABA,C2,33,Neutral,Neutral,Negativa
Agent_0445,GBA,C3,38,Neutral,Neutral,Neutral
Agent_0446,CABA,C2,79,Neutral,Negativa,Negativa
Agent_0447,Interior,C3,22,Neutral,Negativa,Positiva
Agent_0448,Interior,D/E,22,Neutral,Negativa,Neutral
Agent_0449,Interior,C3,39,Negativa,Positiva,Negativa
Agent_0450,Interior,ABC1,21,Positiva,Neutral,Positiva
Agent_0451,CABA,ABC1,49,Neutral,Neutral,Positiva
Agent_0452,Interior,D/E,60,Negativa,Negativa,Negativa
Agent_0453,Interior,D/E,29,Negativa,Negativa,Negativa
Agent_0454,Interior,D/E,65,Neutral,Negativa,Negativa
Agent_0455,Interior,D/E,39,Positiva,Negativa,Negativa
Agent_0456,GBA,C2,51,Neutral,Neutral,Positiva
Agent_0457,Interior,D/E,55,Positiva,Negativa,Neutral
Agent_0458,GBA,ABC1,35,Neutral,Neutral,Neutral
Agent_0459,Interior,C3,45,Neutral,Negativa,Negativa
Agent_0460,Interior,D/E,44,Negativa,Negativa,Negativa
Agent_0461,Interior,D/E,31,Negativa,Negativa,Negativa
Agent_0462,Interior,C3,35,Neutral,Neutral,Positiva
Agent_0463,Interior,D/E,21,Negativa,Negativa,Negativa
Agent_0464,Interior,D/E,55,Negativa,Neutral,Neutral
Agent_0465,Interior,C2,42,Neutral,Positiva,Negativa
Agent_0466,Interior,D/E,26,Negativa,Positiva,Neutral
Agent_0467,Interior,D/E,21,Neutral,Negativa,Negativa
Agent_0468,Interior,C3,41,Negativa,Neutral,Negativa
Agent_0469,Interior,C3,25,Neutral,Neutral,Negativa
Agent_0470,CABA,D/E,36,Negativa,Negativa,Neutral
Agent_0471,GBA,D/E,30,Negativa,Negativa,Negativa
Agent_0472,Interior,D/E,48,Negativa,Negativa,Neutral
Agent_0473,Interior,C2,34,Positiva,Positiva,Positiva
Agent_0474,GBA,D/E,36,Positiva,Positiva,Negativa
Agent_0475,Interior,D/E,82,Neutral,Negativa,Neutral
Agent_0476,GBA,D/E,26,Negativa,Negativa,Negativa
Agent_0477,Interior,C3,24,Positiva,Negativa,Positiva
Agent_0478,GBA,D/E,33,Negativa,Negativa,Positiva
Agent_0479,Interior,ABC1,42,Positiva,Positiva,Negativa
Agent_0480,Interior,D/E,85,Negativa,Negativa,Neutral
Agent_0481,GBA,C3,78,Neutral,Positiva,Positiva
Agent_0482,Interior,D/E,73,Negativa,Neutral,Negativa
Agent_0483,GBA,C3,34,Positiva,Neutral,Neutral
Agent_0484,GBA,ABC1,35,Negativa,Negativa,Neutral
Agent_0485,CABA,C3,48,Negativa,Neutral,Neutral
Agent_0486,Interior,C3,18,Negativa,Neutral,Negativa
Agent_0487,Interior,ABC1,21,Positiva,Neutral,Neutral
Agent_0488,GBA,C3,29,Neutral,Neutral,Positiva
Agent_0489,GBA,D/E,78,Negativa,Negativa,Negativa
Agent_0490,Interior,D/E,50,Negativa,Negativa,Negativa
Agent_0491,Interior,D/E,43,Negativa,Negativa,Positiva
Agent_0492,GBA,D/E,62,Positiva,Negativa,Negativa
Agent_0493,CABA,C2,26,Positiva,Neutral,Positiva
Agent_0494,GBA,D/E,30,Neutral,Negativa,Neutral
Agent_0495,Interior,ABC1,29,Negativa,Neutral,Negativa
Agent_0496,Interior,D/E,52,Neutral,Negativa,Negativa
Agent_0497,Interior,D/E,38,Negativa,Negativa,Neutral
Agent_0498,GBA,C3,20,Neutral,Positiva,Positiva
Agent_0499,Interior,D/E,80,Neutral,Negativa,Negativa
Agent_0500,GBA,ABC1,80,Neutral,Negativa,Negativa
Agent_0501,Interior,D/E,54,Negativa,Negativa,Neutral
Agent_0502,Interior,ABC1,43,Neutral,Negativa,Neutral
Agent_0503,GBA,C3,38,Neutral,Neutral,Neutral
Agent_0504,CABA,C2,66,Neutral,Positiva,Negativa
Agent_0505,Interior,C3,31,Negativa,Negativa,Negativa
Agent_0506,CABA,C2,67,Neutral,Positiva,Positiva
Agent_0507,CABA,D/E,44,Positiva,Negativa,Negativa
Agent_0508,GBA,C2,41,Negativa,Neutral,Negativa
Agent_0509,Interior,C3,63,Positiva,Positiva,Positiva
Agent_0510,GBA,C2,82,Neutral,Positiva,Neutral
Agent_0511,Interior,D/E,20,Positiva,Negativa,Negativa
Agent_0512,Interior,C2,70,Positiva,Neutral,Positiva
Agent_0513,Interior,C3,30,Neutral,Negativa,Negativa
Agent_0514,CABA,C2,22,Negativa,Negativa,Positiva
Agent_0515,Interior,D/E,81,Neutral,Negativa,Negativa
Agent_0516,GBA,C2,36,Negativa,Negativa,Positiva
Agent_0517,Interior,D/E,25,Neutral,Negativa,Negativa
Agent_0518,Interior,C2,40,Neutral,Neutral,Negativa
Agent_0519,Interior,C3,46,Neutral,Neutral,Negativa
Agent_0520,Interior,C3,34,Positiva,Neutral,Neutral
Agent_0521,GBA,D/E,37,Neutral,Negativa,Neutral
Agent_0522,Interior,D/E,60,Negativa,Neutral,Neutral
Agent_0523,Interior,C2,18,Neutral,Positiva,Negativa
Agent_0524,Interior,D/E,46,Negativa,Negativa,Positiva
Agent_0525,Interior,D/E,30,Neutral,Negativa,Neutral
Agent_0526,Interior,D/E,22,Negativa,Negativa,Negativa
Agent_0527,CABA,C3,41,Positiva,Positiva,Positiva
Agent_0528,GBA,C3,47,Neutral,Neutral,Positiva
Agent_0529,GBA,D/E,20,Negativa,Negativa,Positiva
Agent_0530,GBA,D/E,57,Positiva,Neutral,Negativa
Agent_0531,Interior,D/E,29,Negativa,Neutral,Negativa
Agent_0532,Interior,C2,22,Positiva,Negativa,Positiva
Agent_0533,Interior,D/E,46,Negativa,Negativa,Negativa
Agent_0534,Interior,C2,32,Neutral,Neutral,Positiva
Agent_0535,Interior,D/E,34,Neutral,Negativa,Negativa
Agent_0536,CABA,C3,43,Neutral,Negativa,Negativa
Agent_0537,Interior,D/E,19,Negativa,Negativa,Negativa
Agent_0538,Interior,C2,21,Positiva,Positiva,Negativa
Agent_0539,Interior,C3,67,Neutral,Negativa,Positiva
Agent_0540,Interior,C2,23,Neutral,Negativa,Negativa
Agent_0541,GBA,D/E,23,Negativa,Neutral,Negativa
Agent_0542,Interior,D/E,51,Positiva,Negativa,Neutral
Agent_0543,Interior,D/E,42,Negativa,Negativa,Negativa
Agent_0544,GBA,D/E,53,Negativa,Neutral,Negativa
Agent_0545,GBA,ABC1,28,Neutral,Positiva,Neutral
Agent_0546,GBA,D/E,38,Negativa,Neutral,Neutral
Agent_0547,Interior,C3,48,Negativa,Negativa,Positiva
Agent_0548,Interior,ABC1,76,Neutral,Negativa,Positiva
Agent_0549,GBA,C3,42,Neutral,Negativa,Negativa
Agent_0550,Interior,C2,48,Negativa,Negativa,Positiva
Agent_0551,GBA,D/E,69,Neutral,Negativa,Negativa
Agent_0552,GBA,C2,70,Negativa,Neutral,Negativa
Agent_0553,Interior,D/E,27,Negativa,Negativa,Negativa
Agent_0554,Interior,C3,35,Positiva,Neutral,Neutral
Agent_0555,Interior,D/E,21,Negativa,Negativa,Positiva
Agent_0556,GBA,D/E,45,Negativa,Negativa,Negativa
Agent_0557,CABA,D/E,79,Positiva,Negativa,Negativa
Agent_0558,Interior,C3,18,Positiva,Negativa,Neutral
Agent_0559,GBA,D/E,50,Negativa,Negativa,Neutral
Agent_0560,Interior,D/E,28,Negativa,Negativa,Negativa
Agent_0561,Interior,ABC1,57,Positiva,Negativa,Neutral
Agent_0562,GBA,D/E,40,Negativa,Positiva,Negativa
Agent_0563,Interior,C3,26,Negativa,Negativa,Positiva
Agent_0564,Interior,D/E,18,Negativa,Negativa,Negativa
Agent_0565,GBA,C3,59,Neutral,Negativa,Neutral
Agent_0566,Interior,C2,33,Negativa,Neutral,Negativa
Agent_0567,CABA,D/E,54,Neutral,Negativa,Negativa
Agent_0568,Interior,C2,79,Negativa,Neutral,Positiva
Agent_0569,Interior,C3,33,Positiva,Negativa,Neutral
Agent_0570,GBA,D/E,81,Negativa,Negativa,Negativa
Agent_0571,Interior,C3,64,Negativa,Positiva,Positiva
Agent_0572,GBA,C3,75,Positiva,Negativa,Negativa
Agent_0573,CABA,C3,60,Positiva,Neutral,Negativa
Agent_0574,Interior,D/E,70,Positiva,Neutral,Neutral
Agent_0575,Interior,C2,21,Negativa,Negativa,Positiva
Agent_0576,Interior,C3,19,Neutral,Neutral,Negativa
Agent_0577,GBA,D/E,27,Positiva,Negativa,Negativa
Agent_0578,Interior,C2,30,Positiva,Negativa,Positiva
Agent_0579,Interior,D/E,62,Negativa,Negativa,Negativa
Agent_0580,GBA,C3,48,Positiva,Negativa,Neutral
Agent_0581,CABA,C3,63,Positiva,Neutral,Positiva
Agent_0582,Interior,D/E,22,Negativa,Positiva,Negativa
Agent_0583,Interior,ABC1,50,Neutral,Negativa,Neutral
Agent_0584,CABA,D/E,26,Negativa,Negativa,Neutral
Agent_0585,CABA,C2,71,Negativa,Negativa,Neutral
Agent_0586,Interior,C2,55,Positiva,Negativa,Positiva
Agent_0587,CABA,D/E,49,Negativa,Negativa,Negativa
Agent_0588,GBA,C3,67,Negativa,Positiva,Neutral
Agent_0589,GBA,C2,68,Negativa,Negativa,Neutral
Agent_0590,Interior,D/E,35,Positiva,Negativa,Neutral
Agent_0591,Interior,ABC1,64,Negativa,Positiva,Neutral
Agent_0592,CABA,ABC1,32,Neutral,Neutral,Negativa
Agent_0593,GBA,C2,67,Negativa,Positiva,Positiva
Agent_0594,Interior,D/E,48,Positiva,Negativa,Negativa
Agent_0595,Interior,ABC1,46,Negativa,Negativa,Neutral
Agent_0596,CABA,D/E,82,Neutral,Negativa,Negativa
Agent_0597,Interior,C2,41,Positiva,Positiva,Positiva
Agent_0598,CABA,D/E,38,Negativa,Negativa,Negativa
Agent_0599,Interior,C3,50,Neutral,Neutral,Positiva
Agent_0600,CABA,D/E,47,Neutral,Negativa,Positiva
Agent_0601,Interior,C3,64,Neutral,Negativa,Negativa
Agent_0602,CABA,C2,31,Neutral,Neutral,Negativa
Agent_0603,Interior,D/E,49,Negativa,Positiva,Negativa
Agent_0604,Interior,D/E,48,Negativa,Negativa,Negativa
Agent_0605,Interior,D/E,40,Negativa,Negativa,Neutral
Agent_0606,GBA,C3,36,Negativa,Negativa,Neutral
Agent_0607,Interior,ABC1,53,Positiva,Negativa,Positiva
Agent_0608,GBA,C3,49,Neutral,Positiva,Negativa
Agent_0609,Interior,C3,56,Negativa,Positiva,Positiva
Agent_0610,Interior,D/E,51,Neutral,Negativa,Positiva
Agent_0611,Interior,D/E,37,Negativa,Negativa,Positiva
Agent_0612,Interior,D/E,53,Negativa,Negativa,Negativa
Agent_0613,CABA,C2,40,Negativa,Positiva,Positiva
Agent_0614,GBA,D/E,59,Negativa,Negativa,Negativa
Agent_0615,GBA,D/E,21,Negativa,Negativa,Negativa
Agent_0616,GBA,D/E,53,Negativa,Negativa,Negativa
Agent_0617,Interior,C3,37,Positiva,Negativa,Neutral
Agent_0618,GBA,D/E,26,Negativa,Negativa,Positiva
Agent_0619,GBA,D/E,39,Negativa,Negativa,Positiva
Agent_0620,Interior,D/E,85,Negativa,Negativa,Negativa
Agent_0621,GBA,D/E,43,Negativa,Negativa,Neutral
Agent_0622,CABA,C3,24,Neutral,Positiva,Positiva
Agent_0623,GBA,D/E,32,Negativa,Negativa,Positiva
Agent_0624,Interior,D/E,71,Neutral,Negativa,Neutral
Agent_0625,GBA,D/E,26,Negativa,Negativa,Negativa
Agent_0626,Interior,D/E,18,Negativa,Neutral,Negativa
Agent_0627,CABA,D/E,32,Negativa,Negativa,Negativa
Agent_0628,Interior,C3,23,Positiva,Positiva,Neutral
Agent_0629,GBA,C3,35,Positiva,Negativa,Positiva
Agent_0630,Interior,C3,46,Negativa,Positiva,Positiva
Agent_0631,GBA,C3,46,Positiva,Negativa,Negativa
Agent_0632,GBA,D/E,77,Positiva,Negativa,Negativa
Agent_0633,Interior,D/E,60,Negativa,Negativa,Negativa
Agent_0634,CABA,D/E,48,Neutral,Neutral,Neutral
Agent_0635,Interior,C3,76,Neutral,Neutral,Positiva
Agent_0636,GBA,D/E,48,Negativa,Negativa,Negativa
Agent_0637,Interior,ABC1,33,Negativa,Neutral,Positiva
Agent_0638,Interior,D/E,21,Negativa,Negativa,Neutral
Agent_0639,CABA,D/E,54,Negativa,Negativa,Positiva
Agent_0640,GBA,D/E,23,Neutral,Negativa,Neutral
Agent_0641,GBA,D/E,40,Negativa,Negativa,Positiva
Agent_0642,GBA,D/E,52,Negativa,Negativa,Negativa
Agent_0643,Interior,C3,33,Neutral,Positiva,Positiva
Agent_0644,Interior,D/E,35,Neutral,Negativa,Negativa
Agent_0645,GBA,D/E,36,Negativa,Negativa,Negativa
Agent_0646,Interior,ABC1,23,Positiva,Negativa,Positiva
Agent_0647,CABA,C3,66,Positiva,Positiva,Neutral
Agent_0648,Interior,D/E,84,Neutral,Negativa,Negativa
Agent_0649,CABA,D/E,50,Negativa,Neutral,Negativa
Agent_0650,GBA,C3,34,Neutral,Negativa,Neutral
Agent_0651,Interior,D/E,49,Neutral,Negativa,Negativa
Agent_0652,Interior,D/E,28,Negativa,Negativa,Negativa
Agent_0653,Interior,C3,66,Positiva,Positiva,Positiva
Agent_0654,GBA,D/E,29,Negativa,Negativa,Negativa
Agent_0655,Interior,C3,77,Negativa,Positiva,Negativa
Agent_0656,Interior,C2,25,Positiva,Positiva,Positiva
Agent_0657,GBA,C3,52,Neutral,Positiva,Neutral
Agent_0658,Interior,C2,21,Neutral,Neutral,Neutral
Agent_0659,CABA,C3,75,Neutral,Negativa,Positiva
Agent_0660,Interior,D/E,48,Positiva,Negativa,Negativa
Agent_0661,Interior,C2,37,Neutral,Negativa,Neutral
Agent_0662,Interior,D/E,42,Negativa,Negativa,Positiva
Agent_0663,Interior,C2,60,Negativa,Negativa,Neutral
Agent_0664,Interior,C3,21,Positiva,Neutral,Negativa
Agent_0665,Interior,D/E,37,Positiva,Negativa,Negativa
Agent_0666,Interior,D/E,59,Negativa,Negativa,Negativa
Agent_0667,CABA,D/E,46,Negativa,Negativa,Neutral
Agent_0668,Interior,D/E,22,Negativa,Negativa,Negativa
Agent_0669,GBA,ABC1,68,Positiva,Neutral,Neutral
Agent_0670,Interior,ABC1,61,Neutral,Negativa,Negativa
Agent_0671,Interior,C3,39,Neutral,Negativa,Neutral
Agent_0672,CABA,D/E,83,Negativa,Negativa,Negativa
Agent_0673,Interior,C3,30,Negativa,Negativa,Neutral
Agent_0674,GBA,D/E,25,Positiva,Negativa,Neutral
Agent_0675,GBA,C3,29,Neutral,Negativa,Negativa
Agent_0676,Interior,ABC1,24,Positiva,Negativa,Negativa
Agent_0677,Interior,D/E,23,Positiva,Negativa,Negativa
Agent_0678,Interior,D/E,47,Neutral,Negativa,Negativa
Agent_0679,Interior,D/E,36,Negativa,Negativa,Positiva
Agent_0680,GBA,C3,37,Negativa,Negativa,Negativa
Agent_0681,Interior,C3,30,Positiva,Negativa,Negativa
Agent_0682,Interior,D/E,49,Negativa,Negativa,Negativa
Agent_0683,GBA,C3,66,Neutral,Positiva,Neutral
Agent_0684,GBA,C3,71,Neutral,Negativa,Positiva
Agent_0685,Interior,C2,43,Negativa,Neutral,Positiva
Agent_0686,Interior,C3,18,Neutral,Negativa,Positiva
Agent_0687,CABA,C3,74,Positiva,Negativa,Neutral
Agent_0688,Interior,C2,27,Neutral,Neutral,Negativa
Agent_0689,CABA,D/E,29,Positiva,Negativa,Negativa
Agent_0690,Interior,ABC1,18,Negativa,Neutral,Positiva
Agent_0691,GBA,D/E,21,Negativa,Negativa,Positiva
Agent_0692,Interior,C3,39,Positiva,Positiva,Negativa
Agent_0693,Interior,D/E,60,Neutral,Negativa,Positiva
Agent_0694,Interior,C2,71,Positiva,Negativa,Negativa
Agent_0695,Interior,D/E,20,Neutral,Negativa,Negativa
Agent_0696,GBA,D/E,47,Positiva,Negativa,Positiva
Agent_0697,GBA,ABC1,19,Neutral,Negativa,Positiva
Agent_0698,Interior,D/E,66,Neutral,Negativa,Negativa
Agent_0699,Interior,D/E,61,Neutral,Negativa,Neutral
Agent_0700,Interior,ABC1,30,Neutral,Positiva,Neutral
Agent_0701,GBA,D/E,36,Neutral,Negativa,Neutral
Agent_0702,CABA,D/E,83,Negativa,Negativa,Positiva
Agent_0703,Interior,C3,43,Positiva,Negativa,Positiva
Agent_0704,GBA,C3,47,Neutral,Negativa,Negativa
Agent_0705,Interior,C3,31,Negativa,Neutral,Positiva
Agent_0706,CABA,C3,54,Neutral,Positiva,Negativa
Agent_0707,CABA,C3,24,Neutral,Negativa,Positiva
Agent_0708,GBA,C3,65,Negativa,Negativa,Neutral
Agent_0709,GBA,D/E,50,Negativa,Negativa,Neutral
Agent_0710,Interior,ABC1,47,Neutral,Neutral,Negativa
Agent_0711,Interior,C2,57,Neutral,Negativa,Neutral
Agent_0712,Interior,ABC1,49,Neutral,Negativa,Neutral
Agent_0713,GBA,C3,65,Positiva,Positiva,Negativa
Agent_0714,Interior,C3,55,Positiva,Negativa,Neutral
Agent_0715,Interior,D/E,20,Negativa,Negativa,Negativa
Agent_0716,Interior,D/E,38,Negativa,Negativa,Positiva
Agent_0717,Interior,D/E,65,Negativa,Negativa,Negativa
Agent_0718,Interior,C3,49,Negativa,Negativa,Negativa
Agent_0719,GBA,C3,66,Neutral,Positiva,Neutral
Agent_0720,Interior,D/E,53,Negativa,Negativa,Positiva
Agent_0721,GBA,C2,55,Neutral,Negativa,Positiva
Agent_0722,Interior,D/E,60,Negativa,Negativa,Negativa
Agent_0723,Interior,C3,58,Negativa,Negativa,Positiva
Agent_0724,GBA,C2,28,Negativa,Positiva,Positiva
Agent_0725,Interior,C2,58,Neutral,Positiva,Positiva
Agent_0726,Interior,D/E,40,Neutral,Negativa,Negativa
Agent_0727,GBA,D/E,75,Negativa,Negativa,Negativa
Agent_0728,GBA,C2,55,Positiva,Negativa,Neutral
Agent_0729,Interior,D/E,29,Neutral,Negativa,Neutral
Agent_0730,CABA,C3,52,Negativa,Negativa,Neutral
Agent_0731,GBA,ABC1,58,Positiva,Negativa,Neutral
Agent_0732,CABA,ABC1,26,Positiva,Neutral,Positiva
Agent_0733,CABA,C2,72,Negativa,Negativa,Negativa
Agent_0734,GBA,C3,72,Positiva,Negativa,Negativa
Agent_0735,Interior,C2,78,Negativa,Negativa,Neutral
Agent_0736,GBA,C3,27,Negativa,Negativa,Neutral
Agent_0737,GBA,D/E,32,Neutral,Negativa,Negativa
Agent_0738,GBA,D/E,44,Negativa,Negativa,Neutral
Agent_0739,CABA,D/E,18,Negativa,Negativa,Neutral
Agent_0740,GBA,C2,44,Negativa,Neutral,Positiva
Agent_0741,Interior,ABC1,36,Neutral,Positiva,Positiva
Agent_0742,Interior,D/E,81,Positiva,Positiva,Negativa
Agent_0743,GBA,C2,26,Negativa,Negativa,Positiva
Agent_0744,Interior,C2,31,Positiva,Negativa,Positiva
Agent_0745,CABA,D/E,27,Negativa,Neutral,Negativa
Agent_0746,Interior,D/E,38,Negativa,Negativa,Negativa
Agent_0747,Interior,D/E,84,Negativa,Negativa,Negativa
Agent_0748,GBA,D/E,38,Negativa,Negativa,Negativa
Agent_0749,Interior,ABC1,25,Neutral,Neutral,Neutral
Agent_0750,Interior,D/E,54,Negativa,Negativa,Negativa
Agent_0751,Interior,ABC1,79,Neutral,Negativa,Neutral
Agent_0752,CABA,C3,70,Neutral,Negativa,Positiva
Agent_0753,GBA,C2,39,Neutral,Negativa,Negativa
Agent_0754,GBA,C3,55,Neutral,Negativa,Neutral
Agent_0755,Interior,D/E,54,Negativa,Negativa,Negativa
Agent_0756,Interior,ABC1,25,Negativa,Negativa,Neutral
Agent_0757,Interior,C2,18,Neutral,Neutral,Negativa
Agent_0758,CABA,D/E,54,Positiva,Negativa,Negativa
Agent_0759,GBA,C3,35,Positiva,Negativa,Negativa
Agent_0760,CABA,D/E,40,Neutral,Negativa,Negativa
Agent_0761,Interior,D/E,28,Negativa,Negativa,Negativa
Agent_0762,Interior,D/E,49,Negativa,Negativa,Negativa
Agent_0763,Interior,D/E,68,Positiva,Negativa,Positiva
Agent_0764,Interior,D/E,62,Negativa,Negativa,Neutral
Agent_0765,CABA,ABC1,73,Neutral,Negativa,Positiva
Agent_0766,Interior,ABC1,44,Positiva,Negativa,Positiva
Agent_0767,CABA,C3,38,Neutral,Negativa,Positiva
Agent_0768,CABA,C3,21,Positiva,Negativa,Negativa
Agent_0769,Interior,C3,50,Neutral,Negativa,Negativa
Agent_0770,GBA,C3,28,Positiva,Negativa,Neutral
Agent_0771,GBA,C3,42,Positiva,Neutral,Positiva
Agent_0772,Interior,D/E,45,Positiva,Negativa,Negativa
Agent_0773,Interior,D/E,42,Negativa,Negativa,Negativa
Agent_0774,Interior,D/E,52,Negativa,Negativa,Neutral
Agent_0775,GBA,C2,49,Neutral,Positiva,Neutral
Agent_0776,GBA,ABC1,74,Negativa,Neutral,Positiva
Agent_0777,Interior,C3,39,Negativa,Negativa,Positiva
Agent_0778,CABA,D/E,81,Negativa,Negativa,Negativa
Agent_0779,GBA,C3,24,Positiva,Neutral,Neutral
Agent_0780,GBA,ABC1,73,Positiva,Positiva,Positiva
Agent_0781,Interior,C2,57,Positiva,Neutral,Negativa
Agent_0782,Interior,C3,82,Positiva,Negativa,Neutral
Agent_0783,Interior,C2,80,Positiva,Negativa,Negativa
Agent_0784,Interior,ABC1,41,Positiva,Positiva,Neutral
Agent_0785,Interior,ABC1,31,Positiva,Positiva,Negativa
Agent_0786,Interior,C2,60,Positiva,Negativa,Negativa
Agent_0787,CABA,C3,54,Negativa,Negativa,Neutral
Agent_0788,CABA,C3,38,Neutral,Neutral,Positiva
Agent_0789,GBA,ABC1,47,Negativa,Negativa,Positiva
Agent_0790,GBA,D/E,39,Negativa,Negativa,Negativa
Agent_0791,GBA,ABC1,39,Positiva,Neutral,Neutral
Agent_0792,Interior,C3,27,Positiva,Neutral,Neutral
Agent_0793,Interior,D/E,69,Positiva,Negativa,Neutral
Agent_0794,GBA,C3,43,Neutral,Neutral,Positiva
Agent_0795,GBA,C2,60,Neutral,Negativa,Neutral
Agent_0796,CABA,C2,26,Neutral,Positiva,Positiva
Agent_0797,Interior,D/E,79,Negativa,Negativa,Positiva
Agent_0798,CABA,D/E,80,Neutral,Neutral,Negativa
Agent_0799,Interior,D/E,65,Negativa,Negativa,Negativa
Agent_0800,CABA,D/E,54,Neutral,Negativa,Negativa
Agent_0801,Interior,D/E,33,Negativa,Negativa,Negativa
Agent_0802,Interior,C2,22,Positiva,Negativa,Negativa
Agent_0803,CABA,C3,19,Positiva,Neutral,Neutral
Agent_0804,GBA,C3,74,Negativa,Negativa,Negativa
Agent_0805,Interior,D/E,45,Negativa,Negativa,Negativa
Agent_0806,CABA,C2,68,Negativa,Negativa,Negativa
Agent_0807,GBA,D/E,52,Negativa,Negativa,Neutral
Agent_0808,GBA,C3,57,Neutral,Negativa,Neutral
Agent_0809,Interior,C2,76,Positiva,Neutral,Negativa
Agent_0810,GBA,D/E,50,Negativa,Neutral,Negativa
Agent_0811,Interior,C3,75,Negativa,Negativa,Neutral
Agent_0812,GBA,C3,45,Positiva,Positiva,Negativa
Agent_0813,GBA,D/E,60,Negativa,Neutral,Negativa
Agent_0814,GBA,D/E,28,Negativa,Negativa,Neutral
Agent_0815,GBA,D/E,44,Negativa,Negativa,Negativa
Agent_0816,CABA,D/E,29,Neutral,Negativa,Positiva
Agent_0817,Interior,D/E,34,Negativa,Negativa,Negativa
Agent_0818,Interior,D/E,21,Positiva,Neutral,Positiva
Agent_0819,GBA,D/E,52,Neutral,Negativa,Neutral
Agent_0820,Interior,ABC1,41,Negativa,Negativa,Positiva
Agent_0821,Interior,C3,21,Neutral,Negativa,Positiva
Agent_0822,CABA,C3,26,Neutral,Neutral,Positiva
Agent_0823,Interior,C3,58,Positiva,Neutral,Positiva
Agent_0824,Interior,C3,34,Positiva,Neutral,Negativa
Agent_0825,Interior,D/E,32,Neutral,Neutral,Negativa
Agent_0826,Interior,D/E,20,Negativa,Negativa,Negativa
Agent_0827,GBA,ABC1,30,Positiva,Neutral,Neutral
Agent_0828,Interior,ABC1,27,Neutral,Negativa,Positiva
Agent_0829,GBA,D/E,29,Positiva,Neutral,Positiva
Agent_0830,CABA,D/E,81,Neutral,Negativa,Negativa
Agent_0831,GBA,D/E,42,Negativa,Neutral,Negativa
Agent_0832,Interior,C3,73,Neutral,Positiva,Neutral
Agent_0833,Interior,D/E,27,Negativa,Negativa,Negativa
Agent_0834,Interior,C2,85,Positiva,Neutral,Neutral
Agent_0835,Interior,D/E,35,Negativa,Negativa,Neutral
Agent_0836,Interior,D/E,83,Neutral,Negativa,Negativa
Agent_0837,GBA,ABC1,46,Positiva,Negativa,Negativa
Agent_0838,Interior,D/E,24,Neutral,Neutral,Neutral
Agent_0839,Interior,D/E,18,Negativa,Negativa,Negativa
Agent_0840,Interior,C3,39,Positiva,Negativa,Positiva
Agent_0841,GBA,C3,37,Neutral,Negativa,Neutral
Agent_0842,Interior,D/E,40,Neutral,Negativa,Negativa
Agent_0843,GBA,C3,30,Neutral,Neutral,Neutral
Agent_0844,Interior,D/E,50,Negativa,Negativa,Positiva
Agent_0845,Interior,C3,60,Neutral,Neutral,Neutral
Agent_0846,Interior,D/E,29,Negativa,Negativa,Positiva
Agent_0847,Interior,C3,40,Negativa,Positiva,Negativa
Agent_0848,Interior,D/E,18,Positiva,Negativa,Negativa
Agent_0849,CABA,ABC1,18,Negativa,Neutral,Positiva
Agent_0850,Interior,ABC1,54,Negativa,Neutral,Positiva
Agent_0851,CABA,C3,24,Negativa,Negativa,Negativa
Agent_0852,CABA,D/E,29,Neutral,Negativa,Negativa
Agent_0853,GBA,D/E,38,Positiva,Negativa,Neutral
Agent_0854,Interior,C2,33,Neutral,Positiva,Neutral
Agent_0855,GBA,C3,32,Negativa,Positiva,Positiva
Agent_0856,Interior,C2,67,Neutral,Negativa,Positiva
Agent_0857,GBA,D/E,40,Negativa,Negativa,Negativa
Agent_0858,Interior,D/E,48,Negativa,Negativa,Negativa
Agent_0859,Interior,ABC1,37,Negativa,Negativa,Positiva
Agent_0860,Interior,C2,33,Positiva,Negativa,Negativa
Agent_0861,CABA,D/E,73,Negativa,Negativa,Negativa
Agent_0862,Interior,ABC1,83,Neutral,Negativa,Positiva
Agent_0863,Interior,C3,26,Neutral,Neutral,Positiva
Agent_0864,Interior,ABC1,79,Positiva,Negativa,Positiva
Agent_0865,Interior,D/E,36,Negativa,Neutral,Positiva
Agent_0866,Interior,D/E,53,Negativa,Negativa,Negativa
Agent_0867,Interior,C3,42,Positiva,Positiva,Neutral
Agent_0868,Interior,D/E,52,Negativa,Negativa,Negativa
Agent_0869,Interior,ABC1,38,Negativa,Neutral,Negativa
Agent_0870,GBA,C3,26,Negativa,Negativa,Neutral
Agent_0871,CABA,C2,78,Positiva,Negativa,Neutral
Agent_0872,CABA,D/E,49,Negativa,Negativa,Negativa
Agent_0873,Interior,D/E,24,Negativa,Negativa,Neutral
Agent_0874,Interior,C2,18,Neutral,Positiva,Neutral
Agent_0875,Interior,D/E,19,Negativa,Negativa,Negativa
Agent_0876,CABA,D/E,47,Neutral,Negativa,Neutral
Agent_0877,GBA,D/E,27,Neutral,Positiva,Negativa
Agent_0878,GBA,ABC1,53,Positiva,Neutral,Neutral
Agent_0879,Interior,D/E,22,Negativa,Negativa,Negativa
Agent_0880,Interior,C3,24,Positiva,Neutral,Neutral
Agent_0881,Interior,D/E,51,Negativa,Neutral,Negativa
Agent_0882,Interior,C2,19,Negativa,Negativa,Positiva
Agent_0883,CABA,D/E,18,Neutral,Negativa,Neutral
Agent_0884,CABA,C3,36,Positiva,Negativa,Neutral
Agent_0885,GBA,D/E,42,Negativa,Negativa,Negativa
Agent_0886,Interior,ABC1,25,Neutral,Negativa,Neutral
Agent_0887,CABA,C2,24,Negativa,Positiva,Positiva
Agent_0888,Interior,D/E,34,Negativa,Negativa,Negativa
Agent_0889,GBA,D/E,48,Negativa,Negativa,Positiva
Agent_0890,GBA,C3,26,Positiva,Positiva,Positiva
Agent_0891,Interior,D/E,53,Negativa,Negativa,Negativa
Agent_0892,Interior,D/E,85,Negativa,Negativa,Negativa
Agent_0893,CABA,D/E,54,Positiva,Negativa,Negativa
Agent_0894,CABA,ABC1,74,Neutral,Neutral,Negativa
Agent_0895,GBA,ABC1,31,Negativa,Negativa,Positiva
Agent_0896,Interior,C3,56,Neutral,Positiva,Neutral
Agent_0897,GBA,D/E,79,Negativa,Negativa,Negativa
Agent_0898,Interior,D/E,44,Positiva,Negativa,Negativa
Agent_0899,Interior,D/E,73,Negativa,Negativa,Negativa
Agent_0900,Interior,C3,40,Neutral,Negativa,Negativa
Agent_0901,Interior,C2,41,Positiva,Negativa,Negativa
Agent_0902,Interior,C2,46,Neutral,Positiva,Neutral
Agent_0903,Interior,ABC1,75,Neutral,Negativa,Positiva
Agent_0904,GBA,C2,44,Negativa,Positiva,Neutral
Agent_0905,CABA,C2,85,Neutral,Positiva,Neutral
Agent_0906,Interior,D/E,30,Negativa,Negativa,Negativa
Agent_0907,Interior,C3,23,Negativa,Negativa,Negativa
Agent_0908,GBA,D/E,27,Neutral,Negativa,Neutral
Agent_0909,Interior,ABC1,75,Neutral,Negativa,Negativa
Agent_0910,CABA,ABC1,82,Neutral,Negativa,Neutral
Agent_0911,GBA,D/E,49,Neutral,Negativa,Neutral
Agent_0912,GBA,D/E,81,Negativa,Neutral,Neutral
Agent_0913,CABA,D/E,42,Negativa,Negativa,Neutral
Agent_0914,Interior,C2,62,Positiva,Negativa,Positiva
Agent_0915,Interior,C3,72,Neutral,Positiva,Positiva
Agent_0916,CABA,C3,19,Negativa,Positiva,Positiva
Agent_0917,GBA,D/E,64,Negativa,Negativa,Positiva
Agent_0918,Interior,C3,31,Neutral,Negativa,Negativa
Agent_0919,CABA,D/E,56,Negativa,Negativa,Negativa
Agent_0920,Interior,C2,39,Positiva,Negativa,Negativa
Agent_0921,Interior,C3,85,Positiva,Neutral,Neutral
Agent_0922,Interior,D/E,67,Negativa,Negativa,Neutral
Agent_0923,GBA,D/E,48,Negativa,Negativa,Negativa
Agent_0924,GBA,D/E,80,Negativa,Negativa,Negativa
Agent_0925,CABA,D/E,28,Neutral,Negativa,Negativa
Agent_0926,GBA,ABC1,34,Negativa,Negativa,Neutral
Agent_0927,GBA,C2,57,Negativa,Neutral,Negativa
Agent_0928,Interior,C2,48,Negativa,Negativa,Positiva
Agent_0929,Interior,ABC1,55,Positiva,Neutral,Neutral
Agent_0930,Interior,ABC1,29,Positiva,Positiva,Neutral
Agent_0931,Interior,D/E,31,Negativa,Negativa,Negativa
Agent_0932,Interior,D/E,27,Negativa,Negativa,Negativa
Agent_0933,GBA,D/E,76,Negativa,Negativa,Positiva
Agent_0934,CABA,C3,33,Neutral,Neutral,Neutral
Agent_0935,GBA,D/E,41,Negativa,Negativa,Neutral
Agent_0936,Interior,C3,52,Neutral,Neutral,Neutral
Agent_0937,Interior,D/E,36,Negativa,Negativa,Negativa
Agent_0938,GBA,D/E,50,Negativa,Negativa,Negativa
Agent_0939,GBA,D/E,49,Positiva,Negativa,Negativa
Agent_0940,Interior,C2,31,Neutral,Negativa,Positiva
Agent_0941,Interior,C3,53,Positiva,Negativa,Positiva
Agent_0942,Interior,D/E,80,Negativa,Negativa,Positiva
Agent_0943,GBA,D/E,33,Negativa,Negativa,Neutral
Agent_0944,CABA,D/E,69,Negativa,Negativa,Positiva
Agent_0945,CABA,D/E,84,Negativa,Negativa,Positiva
Agent_0946,Interior,D/E,21,Negativa,Negativa,Negativa
Agent_0947,Interior,D/E,25,Positiva,Negativa,Negativa
Agent_0948,Interior,C3,43,Neutral,Positiva,Neutral
Agent_0949,GBA,D/E,81,Negativa,Negativa,Positiva
Agent_0950,Interior,ABC1,70,Positiva,Negativa,Negativa
Agent_0951,CABA,C2,45,Neutral,Positiva,Negativa
Agent_0952,CABA,D/E,28,Negativa,Negativa,Positiva
Agent_0953,GBA,C3,69,Positiva,Negativa,Negativa
Agent_0954,Interior,D/E,42,Negativa,Negativa,Positiva
Agent_0955,GBA,D/E,40,Negativa,Negativa,Positiva
Agent_0956,CABA,D/E,60,Negativa,Negativa,Negativa
Agent_0957,GBA,C3,57,Positiva,Neutral,Negativa
Agent_0958,CABA,ABC1,47,Neutral,Negativa,Neutral
Agent_0959,CABA,C3,53,Positiva,Neutral,Positiva
Agent_0960,CABA,D/E,31,Neutral,Negativa,Negativa
Agent_0961,GBA,ABC1,43,Neutral,Negativa,Positiva
Agent_0962,CABA,D/E,30,Negativa,Negativa,Negativa
Agent_0963,Interior,D/E,29,Negativa,Negativa,Negativa
Agent_0964,CABA,D/E,70,Neutral,Negativa,Negativa
Agent_0965,Interior,ABC1,51,Positiva,Neutral,Negativa
Agent_0966,GBA,C3,20,Positiva,Negativa,Neutral
Agent_0967,Interior,C3,29,Negativa,Negativa,Positiva
Agent_0968,Interior,C3,79,Positiva,Neutral,Positiva
Agent_0969,Interior,ABC1,64,Negativa,Neutral,Positiva
Agent_0970,GBA,C3,72,Neutral,Positiva,Positiva
Agent_0971,Interior,D/E,41,Positiva,Negativa,Negativa
Agent_0972,Interior,C3,42,Positiva,Neutral,Negativa
Agent_0973,CABA,C2,24,Neutral,Neutral,Negativa
Agent_0974,Interior,D/E,83,Negativa,Negativa,Negativa
Agent_0975,GBA,D/E,28,Negativa,Negativa,Negativa
Agent_0976,Interior,D/E,51,Negativa,Neutral,Negativa
Agent_0977,GBA,D/E,46,Negativa,Negativa,Negativa
Agent_0978,GBA,D/E,48,Positiva,Negativa,Negativa
Agent_0979,GBA,D/E,30,Negativa,Neutral,Negativa
Agent_0980,Interior,D/E,71,Negativa,Neutral,Positiva
Agent_0981,Interior,ABC1,55,Positiva,Neutral,Negativa
Agent_0982,Interior,D/E,45,Neutral,Negativa,Negativa
Agent_0983,GBA,ABC1,37,Negativa,Negativa,Positiva
Agent_0984,GBA,C3,79,Neutral,Negativa,Neutral
Agent_0985,Interior,C3,18,Neutral,Neutral,Negativa
Agent_0986,GBA,D/E,49,Negativa,Negativa,Negativa
Agent_0987,Interior,C2,46,Neutral,Negativa,Negativa
Agent_0988,Interior,ABC1,40,Positiva,Negativa,Negativa
Agent_0989,CABA,C2,43,Neutral,Negativa,Negativa
Agent_0990,GBA,C3,61,Neutral,Positiva,Neutral
Agent_0991,GBA,C3,65,Positiva,Negativa,Neutral
Agent_0992,GBA,C3,84,Positiva,Positiva,Negativa
Agent_0993,CABA,C3,61,Neutral,Neutral,Positiva
Agent_0994,Interior,C3,44,Positiva,Neutral,Neutral
Agent_0995,GBA,C3,33,Neutral,Neutral,Negativa
Agent_0996,CABA,D/E,45,Negativa,Negativa,Negativa
Agent_0997,GBA,D/E,84,Negativa,Negativa,Negativa
Agent_0998,CABA,ABC1,24,Negativa,Neutral,Positiva
Agent_0999,CABA,D/E,40,Negativa,Positiva,Positiva
Agent_1000,CABA,D/E,35,Negativa,Negativa,Negativa
Agent_1001,Interior,D/E,70,Negativa,Negativa,Negativa
Agent_1002,Interior,D/E,66,Negativa,Neutral,Negativa
Agent_1003,Interior,D/E,29,Negativa,Negativa,Positiva
Agent_1004,Interior,D/E,51,Negativa,Negativa,Negativa
Agent_1005,Interior,C3,38,Neutral,Neutral,Neutral
Agent_1006,GBA,D/E,45,Negativa,Negativa,Negativa
Agent_1007,GBA,C3,18,Negativa,Negativa,Negativa
Agent_1008,GBA,D/E,59,Neutral,Negativa,Negativa
Agent_1009,GBA,C3,25,Positiva,Negativa,Negativa
Agent_1010,GBA,C3,44,Positiva,Negativa,Neutral
Agent_1011,GBA,D/E,33,Positiva,Negativa,Negativa
Agent_1012,Interior,D/E,20,Neutral,Negativa,Negativa
Agent_1013,Interior,ABC1,48,Positiva,Positiva,Positiva
Agent_1014,Interior,D/E,30,Negativa,Neutral,Negativa
Agent_1015,Interior,C2,34,Positiva,Negativa,Positiva
Agent_1016,Interior,D/E,21,Neutral,Positiva,Neutral
Agent_1017,CABA,D/E,41,Negativa,Negativa,Negativa
Agent_1018,Interior,D/E,49,Negativa,Neutral,Neutral
Agent_1019,Interior,C2,23,Positiva,Neutral,Negativa
Agent_1020,CABA,C3,53,Neutral,Negativa,Neutral
Agent_1021,CABA,C3,82,Negativa,Negativa,Positiva
Agent_1022,GBA,C3,36,Positiva,Neutral,Positiva
Agent_1023,GBA,C3,54,Positiva,Positiva,Neutral
Agent_1024,CABA,D/E,46,Negativa,Negativa,Negativa
Agent_1025,Interior,C3,37,Positiva,Positiva,Neutral
Agent_1026,Interior,C3,25,Neutral,Negativa,Negativa
Agent_1027,Interior,D/E,75,Negativa,Negativa,Negativa
Agent_1028,Interior,D/E,37,Neutral,Negativa,Positiva
Agent_1029,GBA,D/E,74,Negativa,Negativa,Positiva
Agent_1030,Interior,D/E,26,Negativa,Negativa,Negativa
Agent_1031,CABA,C3,24,Neutral,Neutral,Negativa
Agent_1032,Interior,C3,32,Positiva,Negativa,Neutral
Agent_1033,GBA,C2,28,Negativa,Negativa,Positiva
Agent_1034,Interior,C3,51,Neutral,Negativa,Negativa
Agent_1035,Interior,C3,36,Positiva,Negativa,Positiva
Agent_1036,Interior,ABC1,34,Neutral,Negativa,Neutral
Agent_1037,GBA,D/E,31,Neutral,Negativa,Negativa
Agent_1038,CABA,C3,24,Negativa,Negativa,Positiva
Agent_1039,CABA,D/E,62,Negativa,Negativa,Negativa
Agent_1040,Interior,C2,33,Neutral,Neutral,Positiva
Agent_1041,Interior,ABC1,26,Neutral,Positiva,Positiva
Agent_1042,Interior,C2,33,Neutral,Neutral,Neutral
Agent_1043,Interior,D/E,45,Neutral,Negativa,Positiva
Agent_1044,Interior,D/E,27,Negativa,Negativa,Neutral
Agent_1045,Interior,D/E,48,Neutral,Negativa,Negativa
Agent_1046,GBA,D/E,24,Negativa,Negativa,Negativa
Agent_1047,GBA,C3,21,Neutral,Negativa,Negativa
Agent_1048,Interior,ABC1,44,Neutral,Neutral,Negativa
Agent_1049,GBA,C3,21,Neutral,Negativa,Negativa
Agent_1050,Interior,D/E,27,Positiva,Negativa,Negativa
Agent_1051,Interior,D/E,29,Positiva,Negativa,Negativa
Agent_1052,CABA,C3,33,Neutral,Negativa,Negativa
Agent_1053,GBA,C3,76,Neutral,Negativa,Negativa
Agent_1054,CABA,C3,78,Positiva,Negativa,Positiva
Agent_1055,CABA,C2,83,Neutral,Negativa,Neutral
Agent_1056,Interior,D/E,28,Negativa,Negativa,Negativa
Agent_1057,Interior,C3,35,Neutral,Negativa,Positiva
Agent_1058,Interior,D/E,36,Negativa,Positiva,Negativa
Agent_1059,GBA,ABC1,29,Positiva,Neutral,Positiva
Agent_1060,Interior,C2,55,Positiva,Neutral,Neutral
Agent_1061,GBA,C3,51,Neutral,Negativa,Positiva
Agent_1062,CABA,D/E,61,Negativa,Negativa,Positiva
Agent_1063,GBA,D/E,30,Negativa,Positiva,Negativa
Agent_1064,Interior,C3,58,Negativa,Negativa,Neutral
Agent_1065,CABA,D/E,44,Negativa,Negativa,Negativa
Agent_1066,Interior,ABC1,52,Negativa,Neutral,Positiva
Agent_1067,CABA,D/E,75,Negativa,Negativa,Neutral
Agent_1068,CABA,D/E,20,Negativa,Negativa,Negativa
Agent_1069,Interior,ABC1,58,Negativa,Neutral,Negativa
Agent_1070,Interior,D/E,37,Neutral,Negativa,Negativa
Agent_1071,Interior,D/E,54,Negativa,Negativa,Negativa
Agent_1072,Interior,C3,36,Neutral,Negativa,Neutral
Agent_1073,CABA,D/E,37,Negativa,Negativa,Positiva
Agent_1074,Interior,D/E,47,Negativa,Negativa,Neutral
Agent_1075,GBA,D/E,52,Negativa,Positiva,Negativa
Agent_1076,Interior,ABC1,65,Positiva,Neutral,Negativa
Agent_1077,Interior,C2,75,Neutral,Negativa,Positiva
Agent_1078,GBA,D/E,35,Negativa,Neutral,Negativa
Agent_1079,Interior,D/E,69,Negativa,Negativa,Negativa
Agent_1080,Interior,ABC1,34,Negativa,Neutral,Positiva
Agent_1081,Interior,C3,33,Neutral,Negativa,Negativa
Agent_1082,Interior,ABC1,30,Negativa,Negativa,Neutral
Agent_1083,Interior,D/E,22,Negativa,Negativa,Negativa
Agent_1084,Interior,D/E,30,Negativa,Positiva,Negativa
Agent_1085,Interior,ABC1,65,Negativa,Neutral,Negativa
Agent_1086,Interior,D/E,70,Negativa,Negativa,Negativa
Agent_1087,GBA,ABC1,39,Neutral,Neutral,Negativa
Agent_1088,CABA,C2,76,Neutral,Neutral,Negativa
Agent_1089,GBA,D/E,24,Negativa,Negativa,Negativa
Agent_1090,GBA,C3,54,Positiva,Negativa,Positiva
Agent_1091,Interior,D/E,52,Negativa,Negativa,Neutral
Agent_1092,Interior,D/E,81,Neutral,Negativa,Neutral
Agent_1093,GBA,C2,38,Negativa,Negativa,Positiva
Agent_1094,CABA,C3,67,Negativa,Negativa,Negativa
Agent_1095,GBA,C2,35,Positiva,Negativa,Negativa
Agent_1096,GBA,D/E,43,Negativa,Negativa,Negativa
Agent_1097,GBA,D/E,39,Negativa,Negativa,Negativa
Agent_1098,CABA,D/E,61,Positiva,Negativa,Negativa
Agent_1099,Interior,D/E,44,Neutral,Negativa,Negativa
Agent_1100,Interior,C3,51,Negativa,Neutral,Neutral
Agent_1101,CABA,C3,20,Neutral,Negativa,Positiva
Agent_1102,Interior,ABC1,52,Neutral,Neutral,Neutral
Agent_1103,GBA,D/E,29,Negativa,Positiva,Negativa
Agent_1104,GBA,D/E,65,Negativa,Negativa,Negativa
Agent_1105,Interior,D/E,63,Positiva,Neutral,Positiva
Agent_1106,Interior,D/E,21,Negativa,Negativa,Neutral
Agent_1107,GBA,D/E,26,Positiva,Negativa,Negativa
Agent_1108,Interior,D/E,77,Negativa,Negativa,Negativa
Agent_1109,GBA,D/E,25,Negativa,Negativa,Negativa
Agent_1110,Interior,C2,77,Positiva,Negativa,Negativa
Agent_1111,GBA,D/E,37,Negativa,Negativa,Negativa
Agent_1112,Interior,D/E,27,Neutral,Negativa,Positiva
Agent_1113,Interior,D/E,18,Negativa,Negativa,Negativa
Agent_1114,Interior,ABC1,20,Neutral,Negativa,Neutral
Agent_1115,Interior,C3,43,Positiva,Negativa,Neutral
Agent_1116,CABA,ABC1,37,Neutral,Neutral,Positiva
Agent_1117,Interior,C2,30,Positiva,Negativa,Positiva
Agent_1118,GBA,D/E,60,Neutral,Negativa,Negativa
Agent_1119,Interior,C3,48,Neutral,Neutral,Positiva
Agent_1120,Interior,C3,26,Neutral,Neutral,Positiva
Agent_1121,Interior,C2,24,Neutral,Negativa,Positiva
Agent_1122,Interior,D/E,69,Neutral,Negativa,Neutral
Agent_1123,Interior,ABC1,24,Negativa,Positiva,Neutral
Agent_1124,Interior,C3,28,Positiva,Negativa,Negativa
Agent_1125,Interior,D/E,42,Negativa,Negativa,Neutral
Agent_1126,GBA,D/E,36,Negativa,Negativa,Negativa
Agent_1127,GBA,D/E,28,Negativa,Negativa,Negativa
Agent_1128,Interior,C3,77,Neutral,Positiva,Positiva
Agent_1129,GBA,D/E,72,Negativa,Negativa,Negativa
Agent_1130,GBA,D/E,80,Neutral,Negativa,Neutral
Agent_1131,CABA,D/E,45,Negativa,Negativa,Negativa
Agent_1132,Interior,D/E,67,Negativa,Neutral,Negativa
Agent_1133,Interior,D/E,75,Negativa,Negativa,Negativa
Agent_1134,Interior,C2,49,Negativa,Neutral,Neutral
Agent_1135,GBA,D/E,25,Negativa,Neutral,Negativa
Agent_1136,Interior,C3,46,Positiva,Negativa,Neutral
Agent_1137,Interior,C3,79,Neutral,Negativa,Positiva
Agent_1138,CABA,C3,40,Positiva,Neutral,Positiva
Agent_1139,CABA,C3,29,Positiva,Negativa,Negativa
Agent_1140,CABA,ABC1,45,Positiva,Positiva,Negativa
Agent_1141,GBA,C2,24,Negativa,Negativa,Positiva
Agent_1142,GBA,C2,65,Neutral,Negativa,Neutral
Agent_1143,Interior,D/E,40,Negativa,Negativa,Negativa
Agent_1144,GBA,C2,24,Positiva,Positiva,Neutral
Agent_1145,Interior,D/E,51,Negativa,Negativa,Negativa
Agent_1146,Interior,C3,25,Neutral,Positiva,Positiva
Agent_1147,Interior,C3,43,Positiva,Negativa,Positiva
Agent_1148,Interior,C3,77,Negativa,Neutral,Neutral
Agent_1149,GBA,C3,66,Neutral,Negativa,Positiva
Agent_1150,GBA,ABC1,71,Positiva,Positiva,Neutral
Agent_1151,Interior,C2,45,Neutral,Positiva,Neutral
Agent_1152,GBA,D/E,45,Positiva,Negativa,Negativa
Agent_1153,CABA,ABC1,35,Positiva,Positiva,Negativa
Agent_1154,GBA,C3,31,Positiva,Neutral,Neutral
Agent_1155,CABA,C3,53,Negativa,Negativa,Positiva
Agent_1156,Interior,C3,26,Positiva,Neutral,Positiva
Agent_1157,CABA,D/E,57,Negativa,Negativa,Positiva
Agent_1158,GBA,C3,26,Neutral,Negativa,Neutral
Agent_1159,GBA,D/E,53,Negativa,Negativa,Negativa
Agent_1160,Interior,ABC1,26,Negativa,Negativa,Negativa
Agent_1161,Interior,ABC1,62,Negativa,Positiva,Positiva
Agent_1162,Interior,D/E,36,Negativa,Negativa,Negativa
Agent_1163,GBA,D/E,66,Negativa,Negativa,Negativa
Agent_1164,Interior,D/E,33,Neutral,Negativa,Neutral
Agent_1165,Interior,D/E,43,Negativa,Negativa,Negativa
Agent_1166,CABA,ABC1,33,Neutral,Neutral,Positiva
Agent_1167,Interior,D/E,60,Negativa,Negativa,Neutral
Agent_1168,Interior,C3,43,Neutral,Negativa,Positiva
Agent_1169,Interior,ABC1,35,Neutral,Positiva,Negativa
Agent_1170,GBA,C3,25,Positiva,Positiva,Neutral
Agent_1171,Interior,D/E,57,Negativa,Neutral,Negativa
Agent_1172,GBA,ABC1,36,Positiva,Negativa,Positiva
Agent_1173,CABA,D/E,61,Negativa,Negativa,Positiva
Agent_1174,Interior,C3,40,Negativa,Neutral,Negativa
Agent_1175,CABA,ABC1,73,Neutral,Neutral,Positiva
Agent_1176,Interior,C2,78,Positiva,Positiva,Neutral
Agent_1177,Interior,C3,22,Positiva,Neutral,Negativa
Agent_1178,Interior,C3,24,Neutral,Neutral,Positiva
Agent_1179,GBA,C2,54,Positiva,Negativa,Positiva
Agent_1180,GBA,D/E,51,Negativa,Negativa,Negativa
Agent_1181,GBA,D/E,27,Neutral,Neutral,Negativa
Agent_1182,CABA,C3,36,Positiva,Negativa,Negativa
Agent_1183,Interior,ABC1,42,Neutral,Negativa,Neutral
Agent_1184,Interior,D/E,75,Negativa,Negativa,Negativa
Agent_1185,GBA,C2,19,Positiva,Negativa,Positiva
Agent_1186,GBA,D/E,76,Positiva,Negativa,Negativa
Agent_1187,GBA,D/E,30,Negativa,Negativa,Negativa
Agent_1188,GBA,C3,83,Positiva,Negativa,Positiva
Agent_1189,Interior,D/E,52,Negativa,Negativa,Negativa
Agent_1190,GBA,C3,23,Positiva,Neutral,Negativa
Agent_1191,Interior,D/E,25,Negativa,Negativa,Negativa
Agent_1192,Interior,D/E,78,Negativa,Positiva,Negativa
Agent_1193,Interior,ABC1,23,Positiva,Negativa,Positiva
Agent_1194,GBA,D/E,41,Negativa,Neutral,Negativa
Agent_1195,Interior,C3,36,Positiva,Negativa,Neutral
Agent_1196,CABA,D/E,73,Negativa,Negativa,Neutral
Agent_1197,Interior,C3,73,Neutral,Neutral,Negativa
Agent_1198,GBA,C2,78,Neutral,Positiva,Positiva
Agent_1199,Interior,ABC1,32,Neutral,Negativa,Positiva
Agent_1200,GBA,D/E,34,Negativa,Negativa,Negativa
