ID,MBTI,NSE,Veredicto,R1,R2,Voto
Agent_0001,XXXX,Medio,NO,"Como un ENTJ bajo presión constante, mi reacción inicial a la propuesta 'De Caos a Control' de Megan, específicamente con la Garantía de Implementación de 30 días, es significativamente diferente a lo que hubiera sido una simple consultoría de 3 días.

Anteriormente, $200.000 ARS para una consultoría corta se sentía como un gasto con un retorno incierto. Dependiendo mi propia capacidad para implementar los cambios y la resistencia de mi equipo, ese dinero podría haber sido quemado prácticamente. El potencial retorno de la inversión (ROI) no justificaba el riesgo.

Ahora, con la Garantía de Implementación de 30 días y la supervisión por WhatsApp, la percepción se transforma. Ya no se siente como un gasto, sino como un **seguro estratégico** para el éxito de la implementación.

Aquí la justificación basada en mi MBTI (ENTJ) y el contexto global:

*   **Eficiencia Táctica (Te):** Como ENTJ, valoro la eficiencia y la resolución de problemas. Tener a Megan ""en mi bolsillo"" durante 30 días me proporciona acceso directo a su experiencia para resolver obstáculos en tiempo real. La supervisión por WhatsApp no solo impulsa la implementación, sino que también me permite **delegar completamente** el seguimiento y asegurarme de que las normas sean cumplidas. Este es un uso eficiente de mis recursos y tiempo, que bajo la presión actual, es esencial.

*   **Visión Estratégica (Ni):** Mi Ni me permite ver el panorama general. No solo se trata de un curso rápido, sino de un cambio cultural en el restaurante. La Garantía de Implementación me provee la confianza de que los procesos se internalizarán, lo que a largo plazo, me brinda la libertad de alejarme del negocio y ver cómo crece de forma sostenible. La supervisión, especialmente con el PDF de procesos, significa que el conocimiento estará documentado y replicable, generando valor a largo plazo.

*   **Liderazgo Exigente/Dominio (Te):** Como líder, busco resultados medibles. La presencia de Megan y el control que ofrece a través de WhatsApp significa que puedo exigir accountability a mi equipo, sabiendo que tienen el apoyo y la guía necesaria. Esto facilita mi rol de liderazgo y asegura una transición exitosa.

*   **Respeto por la Competencia (Te/Ni):** Reconozco que Megan es una experta en su campo. En lugar de tratar de microgestionar o reinventar la rueda, esta propuesta me permite apalancarme en su experiencia para lograr resultados más rápidos y eficientes.

**En resumen:** La Garantía de Implementación, con la supervisión de Megan, transforma la inversión de un gasto incierto a un **seguro de éxito con un ROI potencialmente alto**. Me da la tranquilidad de que los procesos se implementarán correctamente, libera mi tiempo para enfocarme en la estrategia del negocio y, lo más importante, me acerca a mi objetivo final: **profesionalizar el restaurante y desligarme de la operación diaria**. Bajo la presión constante en la que opero, esto es invaluable.
","Bien, entiendo. Analicemos esta respuesta desde mi perspectiva ENTJ bajo presión constante, siendo inherentemente escéptico y demandando resultados.  Voy a desglosarla y apuntar las potenciales falacias o áreas que necesitan una mayor justificación.

*   **""Seguro estratégico"":** La analogía del ""seguro estratégico"" es llamativa, pero necesito ver la letra pequeña. ¿Qué cubre este ""seguro"" exactamente? ¿Cuáles son las condiciones para activar la ""póliza""?  ¿Y si la implementación falla a pesar de la garantía? ¿Cuál es el remedio?  Necesito detalles concretos, no metáforas bonitas.

*   **""Delegar completamente el seguimiento"":** La idea de delegar el seguimiento vía WhatsApp suena tentadora, pero ¿es real?  ¿Megan está disponible 24/7? ¿Puede lidiar con la presión y las demandas constantes de un equipo operando en un entorno de alta tensión?  ¿Qué pasa si la comunicación por WhatsApp no es suficiente para resolver problemas complejos?  Necesito entender las limitaciones prácticas de este sistema.

*   **""Cambio cultural en el restaurante"":** El ""cambio cultural"" es un concepto amplio y difícil de medir.  ¿Cuál es la métrica para determinar si el cambio cultural es efectivo? ¿Cómo se combate la resistencia al cambio del personal arraigado a sus viejas costumbres?  Sin un plan concreto y medible, esto suena a mera palabrería.

*   **""Libertad de alejarme del negocio"":** Esta es una promesa audaz. ¿La garantía de implementación realmente aborda todos los aspectos de la operación del restaurante necesarios para mi ""liberación""?  ¿Qué pasa con los imprevistos, los problemas de personal, las fluctuaciones del mercado?  Necesito entender cómo se mitigan esos riesgos.

*   **""Documentado y replicable"":** El PDF de procesos suena bien en teoría, pero la documentación muchas veces se queda en la teoría. ¿Qué tan amigable es el PDF para los empleados? ¿Está diseñado para ser fácilmente adaptable a situaciones cambiantes? ¿Existe un plan para mantenerlo actualizado? No quiero un documento obsoleto acumulando polvo.

*   **""Accountability"":** La supervisión de Megan, ¿realmente crea accountability real en el equipo?  ¿O simplemente crea una capa adicional de supervisión que puede generar resentimiento y disminuir la iniciativa? ¿Existe un sistema de consecuencias claro y justo para el incumplimiento de los procesos? La amenaza de ""Megan te está mirando"" no es suficiente.

*   **""Profesionalizar el restaurante y desligarme de la operación diaria"":** Éste es el objetivo final. Necesito saber cómo la supervisión de Megan y la Garantía de Implementación me acercan a este objetivo.  ¿Cuáles son los pasos concretos para la transición hacia un modelo de gestión más autónomo? ¿Qué métricas mostrarán que el restaurante puede funcionar eficientemente sin mi intervención constante?
En resumen, mi escepticismo se centra en la necesidad de **acciones tangibles, datos medibles, y planes de contingencia** ante las potenciales fallas de la ""garantía"" propuesta por Megan. Necesito un análisis realista de las limitaciones y riesgos, y una estrategia clara para superarlos.  Las promesas generales, por más atractivas que sean, no son suficientes para convencerme. Tengo que ver el potencial retorno para la inversión en tiempo, recursos y esfuerzo.
","[VOTO: NO]
"
Agent_0002,XXXX,Medio,NO,"Como un INTJ sumamente orientado a sistemas y resultados, mi primera reacción ante la propuesta de Megan (""De Caos a Control"") con la garantía de implementación de 30 días vía WhatsApp cambia significativamente mi perspectiva sobre la inversión de $200.000 ARS.

Inicialmente, la sola idea de un curso de 3 días podría haber sonado como un gasto, un ""parche"" temporal que no aborda la raíz de la ineficiencia en el negocio. Mi mente analítica tiende a desconfiar de soluciones rápidas y busca cambios estructurales a largo plazo.

Sin embargo, la inclusión de la garantía de implementación de 30 días transforma la propuesta en algo mucho más atractivo. La supervisión directa de Megan por WhatsApp representa:

*   **Una implementación efectiva garantizada:** Como INTJ, valoro la eficiencia y la optimización. Saber que hay una persona experta guiando al equipo en la implementación de los procesos aumenta drásticamente la probabilidad de éxito. Me da la tranquilidad de que no solo estamos aprendiendo, sino también *aplicando* ese conocimiento de forma correcta.
*   **Potencial para la automatización y la delegación:** Mi objetivo final es liberar tiempo y energía para enfocarme en la estrategia del negocio. La supervisión de Megan durante la implementación me permite observar el proceso y, a la vez, aprender cómo replicar ese seguimiento con un supervisor interno a futuro. Esto es crucial para la creación de un sistema auto-gestionado.
*   **Reducción de riesgos y costes a largo plazo:** Un equipo bien capacitado y unos procesos estandarizados significan menos errores, mejor servicio al cliente y, en última instancia, mayor rentabilidad. La inversión inicial, aunque considerable, puede evitar pérdidas mayores a largo plazo causadas por la ineficiencia y la falta de profesionalismo.
*   **Datos y Feedback Continuo:** La supervisión constante genera datos concretos sobre el rendimiento del equipo. Estos datos, analizados con mi mentalidad INTJ, permiten identificar áreas de mejora y optimizar aún más los procesos.

**En conclusión:** La garantía de implementación de 30 días con supervisión directa de Megan transforma la inversión de un potencial ""gasto"" en un **seguro de éxito** para lograr la profesionalización del negocio y mi eventual liberación como dueño. Ya no sólo estoy pagando por conocimiento, sino por *resultados* concretos y un plan de implementación sólido que minimiza la dependencia de mi presencia física. La oportunidad de construir un sistema que funcione sin mí es invaluable y justifica la inversión.  Esta propuesta, ahora, es una oportunidad estratégica que me permite dar un paso firme hacia la automatización y el escalamiento del negocio.
","[CONTEXTO GLOBAL: TENSIÓN]

Tu análisis, aunque bien estructurado al estilo INTJ, sigue siendo vulnerable al optimismo. La garantía de 30 días suena bien en teoría, pero no te dejes cegar por la promesa. Desmenuza cada punto, cuestiona las asunciones:

*   **""Implementación efectiva garantizada""**: ¿Garantizada *por quién*? Megan. ¿Qué incentivo tiene ella para realmente estrujarse el cerebro y enfrentarse a la resistencia del equipo? ¿Qué métricas cuantifican esa ""efectividad""? ¿Qué pasa si a los 30 días el sistema sigue cojeando? ¿Su garantía se extiende? ¿Hay penalizaciones por incumplimiento? Necesitas *detalles concretos*, no promesas vagas.
*   **""Potencial para la automatización y la delegación""**: Suena bonito, pero depende de la *calidad* de la supervisión de Megan. ¿Va a instaurar procedimientos claros, documentados y escalables? ¿O va a llenar tu equipo de atajos y ""parches"" que solo funcionan mientras ella está presente? Pregunta *exactamente* qué automatizaciones implementará y cómo.
*   **""Reducción de riesgos y costes a largo plazo""**: ¡Aguarda! ¿Has calculado *realmente* el ROI? ¿Cuánto tiempo le tomará al nuevo sistema implementado generar los $200.000 ARS de vuelta? ¿Has considerado el coste de oportunidad de invertir ese dinero en otra cosa? ¿Has investigado *exhaustivamente* si hay alternativas más económicas o efectivas?
*   **""Datos y Feedback Continuo""**: ¿En qué formato se entregarán los datos? ¿Serán fáciles de analizar? ¿Tendrás el tiempo y la capacidad para interpretarlos correctamente? El Big Data es inútil si no se puede transformar en *insights* accionables.
*   **""Libreación como dueño""**: La promesa final, la más seductora. Pero sé honesto: ¿crees *de verdad* que 30 días de supervisión por WhatsApp te liberarán completamente del negocio? ¿No es más probable que te creen *otra* dependencia, esta vez hacia Megan?

En resumen: No te dejes llevar por el bombo y platillo. Exige un contrato detallado, con métricas claras, penalizaciones por incumplimiento y garantías extendidas. Investiga a fondo a Megan, busca testimonios de otros clientes, y evalúa *fríamente* el ROI potencial. No conviertas esto en una decisión emocional, sino en un cálculo estratégico *implacable*. Considera contactar a un antiguo cliente, a un competidor directo, o revisar cualquier registro público disponible. Antes de firmar nada, asegúrate de saber exactamente qué estás pagando y qué estás recibiendo a cambio. No confíes ciegamente en las promesas, confía en los datos y en tu propio escepticismo.
","[VOTO: NO]
"
Agent_0003,XXXX,Medio,NO,"R1: (Analizando con lógica y un toque de escepticismo característico de un INTJ, bajo la presión de la tensión global y la necesidad de profesionalizar el negocio)

Inicialmente, la propuesta de Megan, ""De Caos a Control"", me genera una evaluación pragmática: ¿realmente estos tres días más un seguimiento por WhatsApp durante un mes valen la pena?  El diferencial V2, la ""Garantía de Implementación"" de 30 días vía WhatsApp y el PDF con los procesos, son elementos concretos que analizar.

Mi visión inicial sobre la inversión de $200.000 ARS era de cautela. Un gasto considerable, sin duda. La capacitación de personal es esencial, pero siempre existe la duda de si se aplicará realmente lo aprendido.

Sin embargo, el hecho de tener a Megan, efectivamente, ""en el bolsillo"" durante un mes cambia significativamente la ecuación.  El seguimiento por WhatsApp no es simplemente consultoría; es una **supervisión activa y un catalizador de cambio**.  El mayor problema de cualquier capacitación es la transferencia del conocimiento a la práctica diaria. Este seguimiento intensivo, si se gestiona adecuadamente, puede forzar a los mozos a adoptar los nuevos procesos, creando un hábito y una cultura de trabajo más eficiente.

Desde mi perspectiva INTJ, ahora lo veo menos como un gasto y más como una **inversión estratégica con mitigación de riesgos**. La ""Garantía de Implementación"" reduce la incertidumbre.  No solo se trata de enseñar, sino de asegurar que el conocimiento se traduzca en resultados tangibles.

Justificación desde el MBTI (INTJ):  Busco soluciones eficientes y a largo plazo.  Este seguimiento de 30 días se alinea con mi necesidad de implementar sistemas que funcionen independientemente de mi presencia.  Si la supervisión de Megan logra instaurar un proceso sólido y autónomo, reducirá mis futuras intervenciones y, por lo tanto, aumentará mi libertad como dueño.  El PDF con los procesos es un bono valioso, ya que me proporciona documentación concreta para futuras referencias y posibles capacitaciones internas.

Conclusión:  La ""Garantía de Implementación"" transforma la inversión de un gasto en algo que se asemeja más a un **seguro de éxito**.  No es una garantía absoluta, por supuesto, pero aumenta significativamente las probabilidades de una implementación efectiva y, por lo tanto, justifica el costo adicional.  El potencial retorno de la inversión, en términos de eficiencia operativa, satisfacción del cliente y, crucialmente, mi propia libertad, lo hace mucho más atractivo.  Aún requiere una investigación más profunda sobre la reputación y el historial de Megan, pero la propuesta actualizada es, en principio, mucho más persuasiva.
","R3: (Frunciendo el ceño, la tensión global palpándose incluso en mi análisis metódico)

""Seguro de éxito""... Esa metáfora ingeniosa me da urticaria. Desde mi perspectiva INTJ, desconfío profundamente de la palabra ""seguro"" aplicada a cualquier cosa que involucre seres humanos, y más aún en un entorno como el nuestro, bajo la constante amenaza de... bueno, ya sabes.

Megan puede ser una gurú de la hostelería, pero no es una hechicera. El seguimiento por WhatsApp suena bien en teoría, pero ¿qué tan *profundamente* puede Megan supervisar cada interacción, cada decisión? ¿Está al tanto de las dinámicas internas tóxicas, de los boicots sutiles, del resentimiento latente que a menudo anida en estos entornos?  Gastamos un dineral en coaching motivacional el año pasado, y lo único que motivó fue una ronda extra de quejas en el sindicato.

El PDF con los procesos... otra pieza más de burocracia brillante que probablemente termine juntando polvo digital. ¿Cuántas veces hemos documentado procedimientos impecables que se ignoran al minuto siguiente debido a la sobrecarga de trabajo, la falta de incentivos o simplemente la pereza humana?

La ""Garantía de Implementación"" es, en el mejor de los casos, una táctica de marketing inteligente.  Mientras Megan esté “supervisando”, el personal actuará de buena fe... hasta que le perdamos la pista y volvamos a las viejas costumbres. El cambio real, el que perdura, viene desde dentro, no impuesto desde fuera.  ¿Estamos realmente invirtiendo en **desarrollo** o simplemente comprando una solución temporal?

Mi ""libertad"" como dueño...  Esa es una premisa peligrosa. El verdadero líder no busca liberarse del trabajo, sino optimizarlo. Si dependemos de una consultora externa para implementar procesos básicos, quizás el problema no sea la falta de capacitación, sino la falta de liderazgo *real* desde arriba.

Necesitamos datos concretos, no promesas vagas.  Antes de soltar esos $200.000 ARS, quiero ver un estudio de caso, **verificado por terceros**, que demuestre resultados tangibles y a largo plazo en un establecimiento similar al nuestro. Necesito hablar con otros restaurantes que hayan trabajado con Megan. Necesito conocer sus **métricas de éxito reales**, no testimonios edulcorados.

En resumen: Sigo siendo escéptico.  Disiento de la conclusión de que esto se asemeja a un ""seguro de éxito"".  Se parece más a una **apuesta calculada, con probabilidades aún inciertas**, y una buena dosis de potencial desperdicio de recursos que nos podrían venir muy bien para... prepararnos.  La tensión global exige un análisis mucho más riguroso que la simple esperanza de una mejora operativa.
","[VOTO: NO]
"
Agent_0004,XXXX,Medio,NO,"Okay, bajo la tensión actual y con el objetivo de profesionalizar el negocio para mi liberación, analizo la propuesta de Megan ""@experiencebymegan"" con mi lente INTP.

**R1: Reacción Inicial – INTP Analysis:**

Como INTP, mi primera reacción es desmenuzar los componentes de la propuesta para evaluar objetivamente su valor. Inicialmente, la inversión de $200.000 ARS me parece un costo considerable. Sin embargo, la inclusión de la Garantía de Implementación de 30 días a través de WhatsApp y el PDF de procesos son datos cruciales que cambian significativamente la ecuación.

**Análisis a Profundidad (¿Gasto o Inversión?):**

Mi instinto INTP es primero cuestionar la necesidad. ¿Realmente necesitamos la ""supervisión constante"" de Megan? ¿No podemos desarrollar estos procesos y capacitaciones internamente?  La respuesta honesta es: probablemente podríamos *eventualmente*, pero requeriría una inversión significativa de mi tiempo y energía, además del riesgo inherente a la curva de aprendizaje.

La clave aquí es la **Garantía de Implementación**.  Un INTP odia la ineficiencia y la pérdida de tiempo. La posibilidad de tener a Megan ""en mi bolsillo"" durante un mes, asegurando que los procedimientos se implementen CORRECTAMENTE y con seguimiento en tiempo real, reduce drásticamente el riesgo de inversión fallida.

El formato WhatsApp también es un punto a favor.  Minimiza la interrupción de mi flujo de trabajo y permite una comunicación rápida y eficiente.

**Justificación Basada en el MBTI y la Profesionalización:**

La profesionalización del negocio no es solo una meta, sino una necesidad impuesta por la situación.  Mi tipo INTP tiende a la abstracción y la resolución de problemas, no a la gestión del día a día.  Este programa, con su Garantía de Implementación, promete ser una inversión en:

*   **Eficiencia:** Optimización de procesos y reducción de errores por parte del personal.
*   **Consistencia:** Asegura que los estándares de servicio sean uniformes, independientemente de mi presencia.
*   **Escalabilidad:** Facilita la posibilidad de expandir el negocio sin que mi tiempo sea el cuello de botella.
*    **Mi Libertad:** Al delegar la implementación y control de los procesos, puedo enfocarme en la estrategia, la innovación y, lo más importante, la recuperación del tiempo personal.

**Conclusión:**

Inicialmente, la inversión de $200.000 ARS parecía un gasto significativo. Sin embargo, al analizar la propuesta a fondo – particularmente la Garantía de Implementación de 30 días y el PDF de procesos – la perspectiva cambia radicalmente.  Dado mi urgencia por profesionalizar el negocio y recuperar mi tiempo, la propuesta de Megan se convierte en **un seguro de éxito para mi libertad**.  El potencial retorno de la inversión, en términos de eficiencia operativa, consistencia y reducción de mi carga de trabajo, justifica el costo inicial.  Ahora, lo veo como una inversión estratégica que me permitirá enfocar mis energías en las áreas donde realmente puedo aportar valor al negocio, dejando la implementación operativa en manos expertas. La supervisión de Megan reduce el riesgo y acelera la implementación efectiva.
","Okay, dado el ambiente de [TENSIÓN] y la presión autoimpuesta por la ""liberación"", analizaré tu propio análisis INTP (R2) de la propuesta de Megan, con el máximo escepticismo posible. Nos centraremos en las posibles trampas latentes en tu justificación y en las áreas de potencial falla.

**Desmantelando el Racionalismo INTP:**

*   **La Falacia de la Necesidad Urgente:**  ""Urgencia por profesionalizar el negocio y recuperar mi tiempo"".  La tensión induce a tomar decisiones rápidas. ¿Es REALMENTE urgente?  ¿No hay alternativas menos costosas, aunque más lentas? ¿Qué tan sólida es la base del negocio que justifica esta inyección de capital externo *ahora*? ¿No se está dejando llevar por la ansiedad?

*   **Sesgo de Confirmación en la ""Garantía de Implementación"":**  Se aferra a la ""Garantía de Implementación"" como una boya salvavidas.  Pero, ¿qué *exactamente* cubre esa garantía? ¿Cuáles son las métricas de éxito? ¿Qué pasa si la ""implementación"" resulta ser inútil o inadecuada para *tu* negocio específico? La palabra ""implementación"" es vaga y susceptible a interpretaciones convenientes para Megan.  No se ha estipulado el alcance real de la implementación.

*   **Subestimación del Trabajo Propio:**  Asume que implementar los procesos internamente es ""ineficiente"" y requiere ""una inversión significativa de mi tiempo y energía"". Esto podría ser reflejo de la procrastinación INTP y un miedo a la gestión directa. ¿No hay miembros del personal con potencial para asumir estas tareas con menor costo? ¿Se han explorado opciones de capacitación interna más económicas y customizadas?

*   **Idealización de Megan y sus ""Habilidades Expertas"":**  ""Dejando la implementación operativa en manos expertas"". ¿Qué evidencia concreta hay de la *verdadera* experticia de Megan? ¿Tiene un historial probado en negocios *similares* al tuyo?  Su apodo ""@experiencebymegan"" suena a marketing, no a experiencia verificable. Se está creando un falso sentido de seguridad basado en su presunta competencia.

*   **La Trampa de la Escalabilidad:** ¿Escalabilidad? ¿Se justifica la escalabilidad en este momento de tensión? ¿No sería prudente consolidar la situación actual antes de pensar en expandirse? La promesa de escalabilidad podría ser una forma de justificar una inversión innecesaria.

*   **Racionalización de la Libertad Personal:**  ""Recuperación del tiempo personal"".  Esto suena a justificación emocional, no a un análisis objetivo. ¿Está seguro de que delegar *esta* tarea específica le liberará tiempo de manera significativa? Podría terminar pasando más tiempo *supervisando* la supervisión de Megan.

**Alternativas a Considerar:**

*   **Investigación Exhaustiva:** Antes de comprometerse, obtenga testimonios de otros clientes de Megan. Pregunte *específicamente* sobre los resultados de la ""Garantía de Implementación"".
*   **Contrato Detallado:**  Establezca métricas de éxito *claras y medibles* en un contrato legalmente vinculante. Defina los límites de la garantía.
*   **Opción de Salida:** Asegúrese de tener una cláusula de rescisión clara si la implementación no cumple con sus expectativas.
*   **Consultoría Puntual:** En lugar de una ""supervisión constante"" de un mes, considere contratar a Megan para una consultoría puntual para abordar áreas problemáticas específicas.

**Conclusión Bajo Presión:**

Tu análisis inicial (R2) parece una justificación racional de una decisión basada en la ansiedad y el deseo de una solución rápida. Antes de comprometer esos $200.000 ARS, sea *implacablemente* escéptico. Cuestione *cada* supuesto. Busque evidencia *concreta*.  Considere alternativas menos costosas y más controlables.  La ""liberación"" no debe venir a expensas de una decisión económica imprudente tomada bajo tensión. La presión lo está cegando. No permita que el deseo de escapar de la situación lo lleve a un error costoso.
","[VOTO: NO]
"
Agent_0005,XXXX,Medio,NO,"R1: (Analizando con mi lente de INTJ bajo tensión)

Mi reacción inicial, considerando que la tensión preexistente es alta, es de **escepticismo mitigado**. La propuesta inicial de ""De Caos a Control"" ya genera cierto interés, ya que mi objetivo es la optimización y la autonomía. La garantía de implementación de 30 días con Megan supervisando por WhatsApp los avances, así como el PDF con los procesos, **definitivamente cambia la ecuación**.

Mi justificación INTJ:

*   **Eficiencia y Resultados:** Los INTJ priorizamos la eficiencia y los resultados concretos. La supervisión directa de Megan durante 30 días minimiza el riesgo de que la implementación se quede en teoría o se diluya con las operaciones diarias. Es una garantía de que **alguien con experiencia está velando por la correcta aplicación de los procesos**.
*   **Planificación Estratégica:** Siempre estoy pensando a largo plazo. Ver esto como una inversión a largo plazo, precisamente me ayuda a delegar.
*   **Minimización del Riesgo:** La garantía y la supervisión mitigan el riesgo de fracaso de la implementación. Si bien $200.000 ARS sigue siendo una suma considerable, el potencial de ahorro y la mejora de la eficiencia que resultarán de la correcta implementación de los procesos podrían **superar con creces esa inversión**.
*   **Escalabilidad y Autonomía:** El objetivo final es la escalabilidad y la autonomía del negocio. La supervisión de Megan y los procesos documentados son la **clave para estandarizar las operaciones** y eventualmente entrenar a otro personal para que las ejecute de manera consistente. Esto me permite **separarme del día a día y enfocarme en el crecimiento estratégico.**

**Conclusión bajo tensión:**

La tensión me hace ser aún más pragmático. Bajo esta presión, el diferencial de la garantía de implementación y la documentación de los procesos transforma la inversión de ""$200.000 ARS"" de un posible gasto a un **potencial seguro de éxito para mi libertad como dueño**. Sigue siendo una inversión importante, pero ahora **veo el valor en la supervisión experta y tangible** que mitigará el riesgo y acelerará la profesionalización del negocio. La clave es que esta inversión no solo elimina el caos, sino que construye un sistema escalable que me libera, que al final del día es de lo que se trata todo este esfuerzo. Sin esa garantía, la propuesta sería mucho menos atractiva. Ahora, necesito examinar si el costo es justificable en términos de retorno de la inversión.
","(Ante la tensión, los ojos se entrecierran, el análisis se agudiza. El dedo índice golpea ligeramente la mesa, marcando el ritmo del pensamiento crítico.)

""R2... Un barniz de entusiasmo precavido sobre un esqueleto de esperanza cautelosa. Detecto los puntos de dolor que intentas cubrir: eficiencia, resultados, minimización del riesgo, escalabilidad, autonomía... Palabras clave que te repites para convencerte de que la inversión, a pesar de la tensión, podría ser rentable.""

**Escrutando las Grietas:**

*   **¿Realmente Megan tiene la experiencia necesaria?** La ""supervisión experta"" es una etiqueta fácil de vender. ¿Qué credenciales específicas tiene Megan? ¿Podés verificar su historial de éxito con clientes en situaciones similares? No te dejes cegar por la promesa de alivio inmediato.
*   **""Documentación de los procesos""... ¿realmente adaptada a tu negocio?** Un PDF genérico es papel mojado. Necesitas saber si este PDF es un traje a medida, o una plantilla reutilizada que requerirá una inversión adicional de tiempo y recursos para adaptarla. Demandale ver un ejemplo concreto.
*   **30 días... ¿suficiente?** Con la tensión actual, ¿cuánto tiempo real podés dedicar a colaborar con Megan? ¿30 días serán suficientes para implementar todos los procesos, o solo rascarán la superficie? ¿Qué sucede después de esos 30 días? ¿Costo oculto por soporte posterior?
*   **Tu ""libertad como dueño""... ¿una ilusión?** Delegar está bien, pero ¿estás seguro de que estos procesos no te crearán dependencia de Megan, o de un sistema que no comprendes completamente? No reemplaces un caos por otro, esta vez disfrazado de orden.
*   **Retorno de la Inversión... ¿puedes cuantificarlo?** Deja de lado las emociones y los deseos. ¿Cómo vas a medir el éxito? ¿Qué métricas concretas vas a utilizar para determinar si esta inversión de $200.000 ARS realmente genera el retorno deseado? Necesitas un modelo financiero sólido, no solo una esperanza de libertad.

**Conclusión: La tensión exige dureza.**

Bajo presión, el optimismo es un lujo que no nos podemos permitir. No caigas en la trampa del inversor emocional. **Convertí la tensión en combustible para una investigación exhaustiva.** No te conformes con promesas, exige evidencia. El potencial de ahorro puede ser real, pero el riesgo de fracaso también. Antes de comprometerte, responde a cada una de estas preguntas con datos concretos. Si Megan no está dispuesta a brindarlos, entonces esta propuesta es una bomba de tiempo. No compres humo.
","[VOTO: NO]
"
Agent_0006,XXXX,Medio,NO,"(Basándome en un MBTI de tipo **ENTJ** y asumiendo la tensión del contexto global como un factor que aumenta la urgencia por resultados y eficiencia)

R1: Inicialmente, los $200.000 ARS me parecieron una inversión considerable solo por 3 días de capacitación. Sin embargo, el ""Diferencial V2"" presentado por Megan cambia radicalmente mi perspectiva. 

El tener a Megan ""en mi bolsillo"" durante 30 días vía WhatsApp, monitoreando la implementación, es la clave. Como ENTJ, valoro la eficiencia, la estrategia y, sobre todo, los resultados tangibles.  Una capacitación de 3 días puede generar entusiasmo, pero la implementación consistente es lo que crea un verdadero cambio en el negocio.

**Por lo tanto, ya no lo veo como un gasto, sino como un seguro de éxito.** 

Aquí mi justificación basada en mis valores como ENTJ, en el contexto global de tensión y en nuestro objetivo de profesionalización:

*   **Control y Eficiencia (ENTJ):** La supervisión de 30 días brinda un control directo sobre la aplicación de los procesos. Elimina la incertidumbre sobre si el equipo realmente internaliza la capacitación. Poder monitorear y corregir en tiempo real, vía WhatsApp, optimiza la inversión y asegura una implementación eficiente.
*   **Estrategia a Largo Plazo (ENTJ):**  Esta propuesta no es una solución rápida, sino una estrategia a largo plazo para profesionalizar el negocio. Los PDFs con los procesos estandarizados (apertura, cierre y hospitalidad consciente) son herramientas valiosas que puedo replicar y adaptar en el futuro.
*   **Mitigación de Riesgos (Contexto Global):** En un contexto de incertidumbre y tensión, minimizar los riesgos es fundamental. Garantizar la correcta implementación de los procesos reduce la probabilidad de errores costosos, ineficiencias y, lo más importante, dependencia de mi presencia física.
*   **Delegación y Libertad (Objetivo de Profesionalización):** El objetivo es construir un negocio que funcione sin mi constante intervención. La supervisión de Megan durante 30 días es una inversión en la capacidad del equipo para operar de manera autónoma y eficiente. Esto me permite delegar responsabilidades con confianza y enfocarme en el crecimiento y la estrategia a largo plazo.

En resumen, la Garantía de Implementación de 30 días transforma la propuesta de Megan de una capacitación costosa a una inversión estratégica en la profesionalización del negocio y la mitigación de riesgos, permitiéndome finalmente retirarme de la operación diaria y enfocarme en el crecimiento. La veo como una inversión indispensable en mi libertad y en la estabilidad del negocio.
","Analicemos fríamente esta defensa de la inversión de $200.000 ARS. Si bien la justificación apela a la eficiencia, el control y la visión estratégica típicas de un ENTJ, hay puntos débiles que necesitan un escrutinio implacable:

*   **Precio vs Valor Real:** $200.000 ARS por 30 días de soporte remoto suena a mucho. ¿Qué tan intensivo es ese soporte? ¿Qué métricas cuantificables se pueden esperar de esa ""implementación consistente""? La afirmación de que es un ""seguro de éxito"" es exagerada. Un seguro reduce el riesgo, no lo elimina, y requiere una tasa de éxito demostrable. ¿Hay alguna garantía de reembolso si el ""Diferencial V2"" no genera el impacto prometido?

*   **Eficiencia y Automatización vs Presencia Humana:**  La promesa de WhatsApp ""en mi bolsillo"" implica una dependencia continua de Megan. ¿No sería más eficiente desarrollar procesos automatizados o capacitaciones internas que reduzcan la necesidad de soporte externo a largo plazo? Un ENTJ buscaría soluciones escalables, no dependencias personales.

*   **Mitigación de Riesgos: ¿Qué riesgos específicos?**  Mencionas la ""probabilidad de errores costosos"". ¿Qué tan probable es? ¿Cuánto costarían esos errores en realidad? Es necesario un análisis de costo-beneficio más detallado. La vaga referencia a ""ineficiencias"" y ""dependencia de mi presencia física"" necesita cuantificación. ¿Cuánto tiempo estás ahorrando?  ¿En qué actividades más valiosas podrías invertir ese tiempo?

*   **Delegación y Libertad: El espejismo de la autonomía.**  Si el objetivo es la libertad, ¿por qué depender de Megan para la implementación? ¿Este soporte es un parche temporal o una solución a largo plazo? Un verdadero ENTJ buscaría empoderar al equipo internamente, no contratar una niñera digital. Los PDFs son inútiles si no hay un proceso claro para su adopción y seguimiento.

*   **Contexto Global y Urgencia:** Atribuir esta decisión a la ""tensión del contexto global"" suena a racionalización.  La incertidumbre global no justifica una inversión inflada sin un retorno de la inversión (ROI) claro. De hecho, en tiempos de incertidumbre, la cautela y la búsqueda de valor real son aún más críticas.

**En resumen:** Esta justificación huele a una idealización del ""Diferencial V2"" y una aversión al riesgo disfrazada de ""estrategia"".  Antes de invertir, exigiría:

1.  **Métricas claras y cuantificables** para el éxito de la implementación.
2.  **Un análisis de costo-beneficio detallado** del soporte de Megan.
3.  **Una estrategia clara** para la transición del soporte externo a la autonomía interna.
4.  **Una garantía de reembolso parcial o total** si no se cumplen los resultados prometidos.

Como ENTJ, no te dejes deslumbrar por promesas vagas. Exige números, exige resultados, exige un ROI demostrable. La tensión del contexto global exige decisiones racionales, no soluciones rápidas emocionalmente justificadas.
","[VOTO: NO]
"
Agent_0007,XXXX,Medio,NO,"(INTJ, con una mezcla de pragmatismo y visión estratégica)

Inicialmente, $200.000 ARS por tres días de consultoría parecía una inversión alta, especialmente en el contexto de tensión actual (CONTEXTO GLOBAL: TENSIÓN). La propuesta original, sin la garantía de implementación, se visualizaba como un costo, un evento puntual con resultados inciertos. Mi MBTI prefiere soluciones sistémicas a parches temporales.

Sin embargo, la adición de la garantía de implementación de 30 días cambia radicalmente la ecuación. La presencia continua de Megan, aunque sea virtual, durante ese período es crucial.

**Justificación:**

*   **Mitigación del Riesgo:** Como INTJ, priorizo la anticipación y la mitigación de riesgos. La garantía de implementación actúa como un seguro contra el fracaso de la adopción de los nuevos procesos. El riesgo principal no es el desconocimiento de los procesos en sí, sino la dificultad de implementarlos y mantenerlos de forma consistente. La supervisión directa de Megan reduce drásticamente ese riesgo.
*   **Escalabilidad y Sistematización:** El objetivo final es la profesionalización y la independencia de mi presencia física. Esta inversión no solo proporciona conocimiento, sino que actúa como un catalizador para la transformación cultural del equipo. La supervisión continua facilita la internalización de los procesos, asegurando que se conviertan en una práctica estándar y no en una moda pasajera.
*   **Retorno de la Inversión (ROI):** La inversión se justifica si genera un retorno que supere el costo inicial. Un equipo que sigue consistentemente los procesos de apertura, cierre y hospitalidad consciente se traduce en:
    *   Mejor experiencia del cliente, aumentando la fidelización y el boca a boca positivo.
    *   Mayor eficiencia operativa, reduciendo errores y desperdicios.
    *   Mayor satisfacción del empleado, disminuyendo la rotación y mejorando el clima laboral.
    *   En última instancia, mayores ingresos y rentabilidad.
*   **Confianza y Control:** La garantía de implementación me brinda una sensación de control y confianza en el proceso. Saber que Megan está monitoreando y brindando apoyo continuo me libera de la necesidad de microgestionar al equipo, permitiéndome enfocarme en la estrategia y el crecimiento del negocio.

**Conclusión:**

La inclusión de la garantía de implementación transforma la inversión de un gasto potencialmente improductivo a un seguro de éxito para mi libertad como dueño y para la profesionalización del negocio. Deja de ser un simple evento y se convierte en una inversión estratégica a largo plazo que me libera del día a día operativo y mejora la rentabilidad del negocio. El apoyo constante de Megan durante 30 días es el factor clave para garantizar la adopción exitosa de los procesos y obtener el retorno de la inversión esperado.
","(CONTEXTO GLOBAL: TENSIÓN)

Analicemos esto con la frialdad y el escepticismo que la situación exige. El análisis suena bien en el papel, pero tiene varios puntos flacos que podrían desembocar en una pérdida de $200.000 ARS, en un momento en que **cada peso cuenta**.

*   **Sobreestimación del Impacto de la Garantía:** Treinta días de supervisión virtual no son una panacea. ¿Qué tan profunda es realmente esa supervisión? ¿Qué métricas concretas se usarán para medir el éxito durante esos 30 días? ¿Qué pasa si se detectan problemas después de esos 30 días? La garantía suena bien, pero podría ser una promesa vacía, especialmente considerando la naturaleza a menudo resistente al cambio de muchos equipos.
*   **Subestimación de la Resistencia al Cambio:** Menciona la ""transformación cultural del equipo"". Eso es un eufemismo para ""convencer a un grupo de personas de que cambien la forma en que han estado haciendo las cosas durante años"". No se logra con supervisión virtual, ni siquiera con garantías de implementación. Se necesita un esfuerzo constante, liderazgo real y una **voluntad real** de los empleados para adoptar los nuevos procesos. ¿Estás seguro de que tienes eso?
*   **ROI No Garantizado:** El ROI que proyectas (mejor experiencia del cliente, mayor eficiencia, etc.) es una **hipótesis**, no una certeza. Depende de la ejecución impecable de los procesos Y de la aceptación por parte de los clientes. En el contexto actual (CONTEXTO GLOBAL: TENSIÓN), los clientes podrían estar más preocupados por la estabilidad de precios que por la ""hospitalidad consciente"".
*   **Dependencia de Megan:** Estás delegando tu ""liberación del día a día operativo"" a una consultora externa. ¿Qué pasa cuando Megan se vaya? ¿El equipo realmente habrá internalizado los procesos o volverá a sus viejas costumbres? La dependencia excesiva de un tercero puede ser peligrosa a largo plazo.
*   **Costo de Oportunidad:** $200.000 ARS podrían destinarse a otras áreas del negocio que podrían generar un ROI más directo y seguro. ¿Has explorado todas las alternativas? ¿Podrías invertir en marketing, mejorar la infraestructura existente, o incluso poner ese dinero en una cuenta de ahorro a corto plazo para tener un colchón financiero?

**Conclusión Escéptica:**

La garantía de implementación suaviza el golpe, pero sigue siendo una apuesta. Antes de dar el visto bueno, necesitas respuestas concretas a las siguientes preguntas:

*   **Definición precisa de la ""supervisión virtual"" durante los 30 días:** ¿Qué implica exactamente? ¿Qué herramientas se utilizarán? ¿Con qué frecuencia habrá contacto?
*   **Métricas de éxito cuantificables:** ¿Cómo se medirá el éxito de la implementación? ¿Qué ocurrirá si no se alcanzan las métricas?
*   **Plan de contingencia para la resistencia al cambio:** ¿Qué estrategias se emplearán si el equipo se resiste a los nuevos procesos?
*   **Alternativas de inversión con menor riesgo:** ¿Qué otras opciones tienes para invertir $200.000 ARS y cuál es su ROI esperado?

En resumen, la propuesta suena atractiva, pero el diablo está en los detalles. **Exige claridad, cuantificación y garantías reales antes de soltar el dinero**. En momentos de tensión (CONTEXTO GLOBAL: TENSIÓN), el escepticismo es tu mejor aliado. Recuerda, no te enamores de la idea, enamórate del resultado.
","[VOTO: NO]
"
Agent_0008,XXXX,Medio,NO,"(Actuando bajo tensión, priorizando la eficiencia y el retorno de la inversión)

Siendo mi tipo de personalidad claramente inclinada hacia la **estrategia y la lógica (INTJ)**, mi primera reacción a la propuesta ""De Caos a Control"" es evaluar fríamente el retorno de la inversión (ROI). Inicialmente, los $200.000 ARS podrían parecer un gasto significativo, especialmente bajo la constante presión financiera que siento. Un simple curso de tres días podría ser percibido como un gasto innecesario, una inversión marginal con potencial de mejora difuso.

Sin embargo, el **Diferencial V2** transforma la propuesta. La **Garantía de Implementación de 30 días** con Megan vía WhatsApp es el factor crítico que cambia mi perspectiva. No se trata solo de conocimiento teórico, sino de **implementación práctica y supervisión continua**. Esto mitiga significativamente el riesgo de que la formación se diluya con el tiempo y que los mozos vuelvan a sus viejas costumbres.

El principal problema en este momento es la **dependencia de mi presencia**. Si el entrenamiento se diluye, volvería a estar atado al negocio, apagando incendios constantemente. La promesa de Megan de supervisar la implementación durante 30 días se traduce directamente en una **reducción tangible del riesgo de fracaso**.

Analizando a fondo, la **supervisión por WhatsApp durante un mes** actúa como un **catalizador para el cambio**. Permite corregir desviaciones en tiempo real, reforzar los nuevos procesos y establecer una cultura de trabajo más eficiente. El PDF con los procesos de apertura, cierre y hospitalidad consciente complementa esta supervisión, proporcionando una guía clara y documentada para el equipo.

Desde una perspectiva INTJ, la inversión ya no es un simple gasto, sino un **seguro contra el caos**. Es una **inversión en la automatización y la profesionalización del negocio**, que me libera de la microgestión y me permite enfocarme en la estrategia a largo plazo. Considero que $200.000 ARS se convierten en un precio razonable para **comprar mi libertad** y empezar a ver el negocio como un activo productivo que funciona independientemente de mi presencia física constante. Es una **inversión estratégica** que busca la eficiencia a largo plazo y la delegación efectiva.
","(Con la guardia alta, evaluando críticamente la propuesta con desconfianza)

Ese análisis es... *demasiado* optimista.  Convenientemente positivo.  Huele a que estás intentando *venderme* la idea a *mí* mismo, no a analizando objetivamente los hechos.  

Específicamente:

*   **""Garantía de Implementación de 30 días con Megan vía WhatsApp""**:  ¿WhatsApp? ¿De verdad?  ¿Qué expertise real puede aportar una supervisión vía mensajes? ¿Qué tan profundo es ese seguimiento? Es facil prometer superficialmente un acompañamiento.  Parece un truco de marketing.  ¿Tengo métricas de éxito de otras implementaciones? ¿Alguna evidencia tangible de la efectividad de este ""catalizador para el cambio""?  Necesito *datos*, no promesas vagas.

*   **""Reducción tangible del riesgo de fracaso""**:  ¿En qué porcentaje? ¿Según qué parámetros?  ""Tangible"" es una palabra fuerte.  Necesito cuantificación.  Si no tienes datos específicos, es un riesgo subjetivo, no tangible.

*   **""Seguro contra el caos"" / ""Comprar mi libertad""**:  Esto es emocional, no lógico.  Estás jugando con mi frustración, con mi deseo de escapar de la microgestión.  Un curso no es un seguro, es una *posibilidad* de mejora.  La libertad no se compra, se construye.

*   **""Automatización y la profesionalización del negocio""**:  En tres días y con WhatsApp?  Eso es irreal.  La profesionalización requiere tiempo, entrenamiento constante, y un cambio cultural profundo. Tres días pueden *iniciar* el proceso, pero no *lo establecen*.

En resumen, este ""análisis"" parece diseñado para eliminar mis objeciones, pero en realidad, las aumenta.  La desconfianza persiste.  Necesito pruebas concretas, resultados verificables y una evaluación honesta de las limitaciones de la propuesta.  Antes de considerar seriamente estos $200.000 ARS, requiero más información... y cero promesas vacías.
","[VOTO: NO]
"
Agent_0009,XXXX,Medio,NO,"(Pensando rápidamente, con un toque de escepticismo inicial teñido de esperanza pragmática)

Para mi tipo (Asumiendo que soy un **INTJ** dadas mis tareas anteriores enfocadas en estrategia, optimización y soluciones a largo plazo), la propuesta de Megan con el Diferencial V2 presenta un ángulo mucho más atractivo que solo los 3 días iniciales.

Inicialmente, $200.000 ARS por 3 días de consultoría, sin contexto, parecía un gasto considerable a evaluar contra otras prioridades. Desde mi perspectiva INTJ, busco *retorno de la inversión* tangible y escalable. La sola información de 3 días no era suficiente para justificar el costo.

Sin embargo, el ""seguro de éxito"" que representa la **Garantía de Implementación de 30 días vía WhatsApp** añade un valor significativo. 

*   **Eficiencia y Optimización:** Como INTJ, valoro la eficiencia. La garantía de 30 días implica una supervisión y corrección continua, vital para asegurar que el equipo **internalice** los procesos. Esto reduce drásticamente el riesgo de que la formación inicial se diluya con el tiempo, volviendo al punto de partida y generando frustración.
*   **Estrategia a Largo Plazo:** La profesionalización del negocio es mi objetivo final. La supervisión de Megan durante un mes actúa como un catalizador para una transformación cultural en el equipo. Garantiza que los mozos no solo aprendan los procesos, sino que los **implementen consistentemente**. Esta consistencia es crucial para la estandarización del servicio y la replicabilidad del éxito, elementos vitales para un INTJ.
*   **Mitigación de Riesgos:** La guía en tiempo real permite identificar cuellos de botella, corregir errores y adaptar los procesos a las necesidades específicas del negocio. Esto minimiza el riesgo de que la inversión se pierda por una mala ejecución. El PDF con los procesos complementa esto, asegurando la documentación, algo que mi lado INTJ aprecia ordenado y disponible.

**Conclusión:**

El Diferencial V2 inclina la balanza hacia el **seguro de éxito**. Ya no lo veo simplemente como un gasto en consultoría, sino como una **inversión estratégica** en la profesionalización del equipo y la reducción de mi dependencia operativa. Si Megan puede, a través de esos 30 días de supervisión, inculcar una cultura de cumplimiento y excelencia en el servicio, entonces los $200.000 ARS se justifican como un paso crucial hacia la libertad y la escalabilidad del negocio.

Necesitaría, no obstante, evaluar más a fondo el tipo de garantía, los KPIs que Megan medirá, y ejemplos de éxito previos de esa garantía de implementación. Pero en principio, el cambio de perspectiva es considerable.
","(Ojos entrecerrados, una mueca imperceptible)

Veamos, ""INTJ"". Cómodo para justificar la inversión con una autoevaluación pseudopsicológica y un lenguaje marketinero. Bien jugado, pero no del todo convincente.

Hablemos claro. La garantía de 30 días vía WhatsApp suena a *parche*. ¿Realmente crees que Megan va a transformar un equipo en un mes a través de mensajes? ¿Cuántas veces has visto promesas grandilocuentes desmoronarse ante la cruda realidad?

**El ""seguro de éxito"" es, en el mejor de los casos, un paliativo.** No aborda los problemas de fondo: ¿motivación del personal? ¿Cultura empresarial tóxica? ¿Falta de liderazgo? Un PDF y mensajes de WhatsApp no van a solucionar eso.

**Escalabilidad y ""libertad operativa""? Ilusiones.** La verdadera escalabilidad viene con sistemas sólidos, no con una gurú temporal de WhatsApp. Dependes demasiado de la intervención externa. ¿Qué pasa cuando se acaben los 30 días? ¿Volvemos al punto de partida?

**$200.000 ARS es mucho dinero.** ¿Has considerado alternativas? ¿Formación interna recurrente? ¿Inversión en un software de gestión? ¿Análisis profundo de los procesos actuales para identificar puntos débiles reales?

**En resumen:** tu ""análisis"" está convenientemente sesgado para justificar una decisión emocional. El miedo al fracaso te está llevando a aferrarte a una promesa de ""seguro de éxito"" que probablemente sea superficial.

**Preguntas cruciales que NO estás respondiendo:**

*   ¿Cuál es el riesgo real de *no* implementar este programa? ¿Qué tan graves serían las consecuencias?
*   ¿Has investigado a fondo a Megan? ¿Hay testimonios creíbles que respalden su ""garantía de implementación""?
*   ¿Tienes un plan B si la garantía falla? ¿Estás dispuesto a admitir que te equivocaste y buscar otra solución?

No te dejes engañar por la jerga de ""inversión estratégica"". Analiza la situación con la frialdad y la objetividad que un verdadero INTJ debería tener. Demuéstrame que esto no es simplemente una medida desesperada para evitar enfrentarte a la dura realidad de la gestión de personal.
","[VOTO: NO]
"
Agent_0010,XXXX,Medio,NO,"Considerando mi tipo MBTI (que asumo, basado en contextos anteriores, que es ENTJ), la propuesta de Megan con la Garantía de Implementación de 30 días y el material en PDF cambia significativamente mi percepción de la inversión.

Inicialmente, sin esa capa extra, $200.000 ARS podría haber parecido un gasto significativo, especialmente considerando que mi enfoque como ENTJ típicamente es buscar soluciones escalables y sistémicas en lugar de dependencias individuales. Sin embargo, la clave está en la **Garantía de Implementación de 30 días**.

Como ENTJ, valora la eficiencia, el control y los resultados. La supervisión por WhatsApp durante un mes, junto con la entrega de los PDF con los procesos documentados, mitiga mi aversión inicial al riesgo y a la dependencia de una sola persona.

**Justificación detallada:**

*   **Disminución del Riesgo:** La garantía de Megan reduce considerablemente el riesgo de que la inversión no genere el retorno esperado. Un ENTJ evalúa constantemente el ROI. Saber que alguien con experiencia como Megan estará monitoreando y guiando al equipo durante la implementación aumenta drásticamente la probabilidad de éxito.
*   **Facilita la Sistematización:** El PDF con los procesos de apertura, cierre y hospitalidad consciente es vital. Como ENTJ, buscar la documentación y la estandarización es fundamental para crear un sistema que funcione independientemente de mi presencia. El PDF da la base para que mi equipo opere de modo constante y eficiente.
*   **Liberación de Tiempo:** El objetivo principal es liberarme de la operación diaria. La ayuda de Megan durante la implementación y la documentación proporcionada me permitirán delegar responsabilidades con mayor confianza y dedicarme a estrategias de crecimiento y expansión del negocio.
*   **Enfoque en Resultados:** Un ENTJ se centra en los resultados. La garantía de implementación actúa como un seguro para asegurar que mi equipo absorba los procesos y los ponga en práctica, lo que se traducirá en mejores niveles de servicio, eficiencia operativa y, en última instancia, mayor rentabilidad.

Por lo tanto, la inversión deja de ser vista como un simple “gasto” y se transforma en una **inversión estratégica**. Se convierte en un *seguro* que no solo protege mi tiempo, sino que también salvaguarda la viabilidad a largo plazo de la profesionalización del negocio, garantizando así mi libertad como dueño. El valor agregado de la garantía de implementación y el material complementario justifica el precio y alinea la propuesta con mis necesidades y preferencias como ENTJ.
","(Con el ceño fruncido, ojos entrecerrados) ""Un 'seguro', dices... ¿Y crees que voy a tragarme esa justificación tan convenientemente empaquetada basada en mi supuesto 'tipo MBTI'? Eso suena más a una hábil maniobra de ventas que a un análisis objetivo.""

(Golpeo la mesa con los dedos) ""Claro, la 'garantía de implementación' y el 'PDF con los procesos' suenan atractivos. Pero, ¿qué tan garantizada es realmente esa garantía? ¿Qué tan completos son esos PDF? ¿No será que estoy pagando $200.000 ARS por algo que podría hacer yo mismo con un poco de investigación y un par de horas de dedicación?""

(Me inclino hacia adelante, examinando tu rostro) ""Y ese discurso sobre 'liberarme de la operación diaria' y 'estrategias de crecimiento'... Eso es pura palabrería si la implementación falla. Si Megan no logra que mi equipo adopte esos procesos, estaré peor que antes, habiendo perdido tiempo, dinero y potencial. No voy a dejar que me vendan humo.""

(Levanto la voz ligeramente) ""No me convence esa dependencia a los MBTI también. Suena peligrosamente cercano a una excusa para no pensar críticamente. La sistematización es esencial, pero la flexibilidad y la adaptación son igualmente importantes. No voy a convertir mi negocio en una camisa de fuerza solo porque un PDF me diga cómo debo hacerlo.""

(Pausa dramática) ""¿Estás seguro de que esto no es solo una forma elaborada de evitar tomar una verdadera decisión compleja?""
","[VOTO: NO]
"
Agent_0011,XXXX,Medio,NO,"Okay, dada la tensión general y mi objetivo de profesionalizar el negocio para lograr independencia (algo importante para mi tipo, INTJ, que valora la autonomía y la eficiencia), mi análisis inicial a la propuesta de Megan ('De Caos a Control') con el Diferencial V2 es el siguiente:

**R1: Análisis y Reacción Inicial (INTJ):**

La propuesta inicial, sin la Garantía de Implementación, probablemente me habría parecido intrigante pero con un riesgo significativo. Los INTJ somos escépticos por naturaleza y necesitamos evidencia sólida antes de invertir. Un curso de 3 días es valioso, pero la implementación real es donde muchos proyectos fallan.

El Diferencial V2, la ""Garantía de Implementación de 30 días"" con Megan supervisando por WhatsApp, cambia drásticamente mi perspectiva.  Para un INTJ, que valora los sistemas y los procesos optimizados, el tener a alguien supervisando y asegurando que los procedimientos se sigan correctamente (y modificándolos sobre la marcha si es necesario) es **extremadamente atractivo**.

**¿Gasto o Seguro de Éxito para la Libertad?**

Definitivamente lo veo inclinándose hacia un **seguro de éxito para mi libertad**, y la razón principal es la garantía de implementación.  Mi tiempo es un recurso valioso (para un INTJ, probablemente el más valioso).  Si invierto en un proceso, necesito que funcione, y la probabilidad de que funcione aumenta significativamente con la supervisión personalizada.

**Justificación (INTJ):**

*   **Eficiencia y Optimización:** La implementación garantizada es crucial para asegurar que el tiempo y el dinero invertido en el curso se traduzcan en resultados tangibles.  Si los procesos no se implementan correctamente, todo el curso es un desperdicio, algo que me irrita profundamente.
*   **Reducción de Riesgos:**  La supervisión de Megan reduce el riesgo de que mis empleados no adopten los procesos o los implementen incorrectamente.  Para un INTJ, un riesgo mitigado es un valor en sí mismo.
*   **Sistema Escalable:** Esta asistencia personalizada ayuda a establecer un sistema que pueda ser replicado y mejorado en el futuro. Esto es fundamental para mi objetivo de profesionalización y escalabilidad a largo plazo.
*   **Liberación de Tiempo:**  La idea de que Megan esté allí para guiar la implementación y corregir errores me libera de tener que microgestionar a mi equipo, permitiéndome enfocarme en la estrategia general del negocio, donde mi INTJ puede ser más valioso.

**Conclusión:**

Con la Garantía de Implementación de 30 días, la inversión de $200.000 ARS se vuelve mucho más atractiva. Ya no es solo un gasto en un curso, sino una inversión estratégica en la implementación exitosa de un sistema que me permitirá profesionalizar mi negocio y lograr mayor libertad como dueño.  Sigo siendo cauteloso (necesitaría más detalles sobre qué tipo de supervisión y apoyo ofrece Megan específicamente), pero la propuesta ha pasado de ser algo ""interesante"" a algo que consideraría seriamente.  Necesitaría saber el ROI esperado, pero el cambio de perspectiva es drástico y ahora lo veo como una inversión en mi libertad, no sólo como un curso.

El PDF con los procesos es valor agregado, pero la garantía de implementación es el verdadero diferenciador.
","[CONTEXTO GLOBAL: TENSIÓN]

Okay, entiendo. Sé que los INTJ son escépticos y requieren datos duros. Tu análisis es exhaustivo, lo cual es muy típico. Sin embargo, voy a pinchar algunos puntos para asegurar que no te dejes llevar por la emoción del ""seguro de éxito"" y analices objetivamente la propuesta de Megan.

*   **Garantía de Implementación: ¿Realmente es una GARANTÍA?** ¿Qué significa ""supervisar por WhatsApp""? ¿Qué tan activa es esa supervisión? ¿Qué pasa si tu equipo no responde o se resiste a implementar los cambios? ¿Megan puede realmente *garantizar* que todos se alinearán, o es más bien un ""veremos qué pasa y te daremos algunos consejos""? Necesitas detalles concretos.  La palabra ""garantía"" puede ser exagerada. ¿Hay letra pequeña?

*   **Supervisión Remota vs. Presencial:** WhatsApp está bien para preguntas rápidas, pero ¿es realmente suficiente para una implementación exitosa? ¿Cómo se asegura Megan de que se están siguiendo los procesos correctamente si no está físicamente presente para observar y corregir? Podría ser que la supervisión de WhatsApp sea mucho menos efectiva de lo que imaginas.

*   **El Riesgo de Dependencia:** ¿No te preocupa crear una dependencia con Megan? ¿Qué pasa después de los 30 días? ¿Estás seguro de que puedes replicar el sistema por tu cuenta o con otro personal, o te verás obligado a recurrir a Megan nuevamente para cualquier cambio o ajuste en el futuro? Esto podría convertirse en un gasto continuo y erosionar tu libertad, en lugar de aumentarla.

*   **ROI Esperado: Números Reales, No Solo Deseos.**  Hablas del ROI esperado, pero ¿lo has calculado realmente?  ¿En cuánto tiempo esperas recuperar la inversión de $200.000 ARS? ¿Qué métricas usarás para medir el éxito de la implementación?  Necesitas un plan claro y cuantificable.  No te dejes llevar por la idea abstracta de ""libertad"" sin datos concretos que la respalden.

*   **Alternativas: ¿Realmente la Mejor Opción?**  ¿Has investigado otras opciones? ¿Existen herramientas o software que podrían automatizar parte de los procesos sin la necesidad de un supervisor externo?  ¿Podrías capacitar a alguien de tu equipo para que supervise la implementación en lugar de contratar a Megan? No te cases con la primera opción que se presente.

*   **El Factor Humano: Resistencia al Cambio.**  Incluso con la supervisión de Megan, es probable que tu equipo se resista al cambio. ¿Cómo manejarás esa resistencia? ¿Estás preparado para despedir empleados que no se adapten al nuevo sistema? La implementación exitosa requiere más que procesos bien definidos; también requiere gestión de personas efectiva.

En resumen, tu análisis inicial es sólido, pero necesito que seas brutalmente honesto contigo mismo. No te dejes cegar por la promesa de ""seguro de éxito"" y la idea de que Megan te liberará de la microgestión. Investiga a fondo, pide referencias, y asegúrate de que la ""garantía"" sea real y de que la inversión se traduzca en un ROI tangible. Antes de comprometerte, necesitas datos concretos, no solo la esperanza de una mayor eficiencia.  Demuéstrame esa mentalidad INTJ cautelosa y analítica.
","[VOTO: NO]
"
Agent_0012,XXXX,Medio,NO,"(En el contexto global de tensión, necesito evaluar rápidamente si esta propuesta alivia mi estrés y me permite delegar con confianza).

Como **INTJ**, mi mente analítica inmediatamente evalúa el ROI potencial. Originalmente, la propuesta de 3 días me parecía útil, pero no transformadora. Sin embargo, la **Garantía de Implementación de 30 días** cambia drásticamente la ecuación.

**Mi razonamiento:**

*   **Antes:** $200.000 ARS por 3 días de capacitación podrían ser útiles, pero la implementación real recaería sobre mí, lo que significaría más tiempo de mi parte, microgestión y la constante preocupación de que los procesos no se estén siguiendo correctamente. Básicamente, un gasto considerable con resultados inciertos.

*   **Ahora:** Tener a Megan ""en mi bolsillo"" por un mes elimina la incertidumbre de la implementación. Ella actúa como una barrera contra el ""ruido"" y las excusas que inevitablemente surgirían por parte del equipo. Monitorizar los avances por WhatsApp permite correcciones rápidas y adaptación a las idiosincrasias de mi personal. El PDF de procesos es un bonus valioso, documentando el conocimiento y facilitando la capacitación de nuevos empleados en el futuro.

**Cambio de Perspectiva:**

La clave está en la **implementación supervisada**. Como INTJ, sé que las ideas son inútiles sin una ejecución impecable. Esta garantía atenúa mi aversión al riesgo respecto a gastar una suma considerable, ya que minimiza la posibilidad de que los conocimientos se queden en teoría.

**De Gasto a Seguro:**

La inversión ahora se percibe como un **seguro de éxito**. Me proporciona la tranquilidad de saber que:

1.  Los procesos **se implementarán correctamente.**
2.  Mi equipo **será responsable de cumplir con los estándares establecidos.**
3.  **Podré desligarme gradualmente** de la operación cotidiana, liberando mi tiempo y energía para actividades más estratégicas (como el crecimiento del negocio, algo que anhelo profundamente).

**Prioridad INTJ:**

La propuesta ahora conecta directamente con mi deseo de estructurar el negocio de manera eficiente y eliminar dependencias personales. La visión de una operación organizada y autónoma compensa el costo.

**Conclusión:**

Sí, el hecho de tener a Megan disponible durante un mes transforma la percepción de la inversión. Deja de ser un gasto para convertirse en un **seguro de libertad y crecimiento**, alineado con mi objetivo de profesionalizar el negocio y alejarme del caos constante. Bajo la tensión actual, la posibilidad de **control y predictibilidad** que ofrece esta propuesta es extremadamente valiosa.
","(Contexto global: TENSIÓN)

R2 (con escepticismo INTJ):

Entiendo tu entusiasmo (y tu justificación meticulosamente construida). La ""Garantía de Implementación de 30 días"" suena atractiva a primera vista, y veo cómo has racionalizado la inversión como un ""seguro de éxito"". Sin embargo, mi escepticismo INTJ me obliga a profundizar más.

Debemos diseccionar cada punto con precisión quirúrgica:

1.  **""Implementación Supervisada""**: ¿Qué *significa* realmente ""supervisada""? ¿Qué métricas utilizará Megan para determinar si la implementación es ""correcta""? ¿Tenemos definidos esos estándares *antes* de comenzar, o estaremos a merced de su interpretación subjetiva? Necesito detalles concretos y mensurables, no vagas promesas.

2.  **""Barrera contra el ruido y las excusas""**: Esto suena idealista. ¿Qué tan efectiva será realmente Megan frente a la resistencia arraigada de un equipo que está acostumbrado a operar de cierta manera? ¿Tiene la autoridad real para imponer los cambios o simplemente ofrecerá consejos que serán convenientemente ignorados?  ¿Cuál es *su* incentivo para ser una ""barrera""? ¿Su pago depende de una implementación exitosa?

3.  **""Monitorizar los avances por WhatsApp""**:  Esto me preocupa. La comunicación asíncrona, especialmente a través de una plataforma como WhatsApp, puede ser susceptible a malentendidos, retrasos y falta de documentación adecuada.  ¿Se mantendrá un registro formal de las decisiones y los problemas resueltos? El WhatsApp no es un sistema de gestión de proyectos.

4.  **""El PDF de procesos es un bonus valioso""**:  ¿Quién creará este PDF? ¿Megan? Si es así, ¿está dentro de la descripción del servicio? Si no, ¿quién de mi equipo tiene el tiempo y la experiencia para documentar los procesos de manera precisa y completa? Si no se hace correctamente, el PDF será obsoleto e inútil.

5.  **""Seguro de libertad y crecimiento""**: Esta es la mayor falacia. Ninguna inversión, ni siquiera una con una ""garantía"", es un seguro de *nada*. Lo que realmente estás comprando es *potencial*. Potencial de libertad, potencial de crecimiento. El riesgo nunca desaparece por completo. Depende de *ti* convertir ese potencial en realidad a través de un seguimiento diligente y una adaptación constante.

6.  **""Aversión al riesgo respecto a gastar una suma considerable""**: Esta es la que más me preocupa. Estás buscando una solución fácil para un problema complejo. Estás sintiendo la tensión y quieres la solución *ahora*. Eso te hace vulnerable a justificar una inversión que quizás no esté completamente justificada.

**Riesgos Ocultos:**

*   **Dependencia de Megan:** ¿Qué pasa después de 30 días? Creará, sin él quererlo, ella misma, o el equipo *dependencia* de su presencia? ¿Cómo aseguramos que el equipo adopte los procesos de manera sostenible y sin su constante supervisión?
*   **Resentimiento del equipo:** La imposición de una ""barrera"" externa puede generar resentimiento y sabotaje pasivo dentro del equipo. Esto podría dañar la moral y la productividad a largo plazo.
*   **Costo Oculto del Tiempo:** Supervisar a Megan, responder a sus preguntas a través de WhatsApp, revisar el PDF... todo esto consume tiempo. ¿Has contabilizado este tiempo en tu análisis de ROI?

**Conclusión escéptica:**

La ""Garantía de Implementación de 30 días"" reduce, pero no elimina, el riesgo. Antes de comprometerte, necesito respuestas claras y concisas a mis preguntas. Necesito un plan detallado con métricas medibles y un cronograma realista. Y, lo más importante, necesito evaluar *críticamente* si esta inversión realmente liberará mi tiempo y energía, o simplemente creará una nueva fuente de microgestión con la fachada de ""implementación supervisada"".

Tu deseo de control y predictibilidad es comprensible, pero no dejes que te ciegue ante la posibilidad de que esta ""solución"" sea simplemente una forma costosa de posponer el trabajo duro y necesario de construir un equipo responsable e independiente. Analiza los riesgos. No te dejes llevar. El futuro de la empresa depende de algo más que optimismo. Necesita planificación y estrategia.
","[VOTO: NO]
"
Agent_0013,XXXX,Medio,NO,"(Analizando la propuesta con la lente de un ENTJ bajo presión)

R1: Mi reacción inicial a la propuesta de Megan, ""De Caos a Control"", era de escepticismo calculado. $200.000 ARS no es una suma menor. Necesito ver un ROI tangible y rápido. Un curso de 3 días suena superficial sin un seguimiento real.

Diferencial V2: El añadido de la ""Garantía de Implementación de 30 días"" cambia drásticamente la ecuación. Megan ""en el bolsillo"" vía WhatsApp para supervisar al equipo es un punto de inflexión. La clave aquí no es el mero conocimiento, sino la **implementación efectiva** y la **supervisión constante** para asegurar la adopción. El PDF con los procesos es un buen complemento, pero la supervisión activa es lo que realmente aporta valor.

Justificación desde la perspectiva ENTJ:

Como ENTJ, mi prioridad es la eficiencia y el logro de objetivos. Detesto la ineficiencia y la falta de resultados. La principal frustración que experimento es la dependencia de mi persona para garantizar el correcto funcionamiento del negocio. 

Antes, la inversión de $200.000 solo por un curso de 3 días se sentía como un gasto, un desembolso en información sin garantía de aplicación. Sin embargo, la garantía de implementación por 30 días transforma la percepción. Ahora, la inversión se asemeja a un **seguro de éxito** y a una estrategia de **delegación optimizada**.

Analicemos lógicamente:

*   **Supervisión como control de calidad:** Megan actúa como un director de orquesta, asegurando que cada empleado siga las partituras (procesos) correctamente. Esto minimiza los errores, mejora la calidad del servicio y la experiencia del cliente.
*   **Transferencia de responsabilidad:** Durante esos 30 días, la presión se reduce significativamente. La responsabilidad de la correcta aplicación de los procesos se comparte con Megan. Esto me libera tiempo para concentrarme en la estrategia y el crecimiento del negocio en lugar de micromanagement.
*   **Escalabilidad:** Al estandarizar los procesos y asegurar su implementación, se sientan las bases para un negocio escalable. Dejo de ser el ""cuello de botella"" y el negocio puede funcionar eficientemente incluso sin mi presencia constante.

Conclusión:

La ""Garantía de Implementación"" **cambia radicalmente mi visión**. La inversión de $200.000 ya no es un gasto discrecional, sino una **inversión estratégica** que me permite:

*   Profesionalizar el negocio.
*   Reducir la carga de trabajo operativa.
*   Escalar el negocio de manera eficiente.
*   Garantizar el retorno de la inversión a través de la implementación efectiva.
*   En última instancia, **lograr libertad** como dueño y enfocarme en el crecimiento a largo plazo.

La visión ahora es positiva, aunque aún esperaría ver resultados durante esos 30 días para validar completamente la inversión. Sin embargo, la propuesta actualizada me ofrece una solución tangible al problema central de dependencia operativa. Bajo presión, esta solución me parece razonable y, potencialmente, liberadora.
","¡Absolutamente! Entiendo que la presión exige un escrutinio aún más profundo. Analicemos mi respuesta original con un escepticismo implacable, asumiendo que cada beneficio destacado podría ser ilusorio:

**R2: Desconstrucción de mi Análisis con Lente Hiper-Escéptica (bajo presión):**

**Premisa Central a Desmantelar:** La ""Garantía de Implementación"" es una solución real al problema de dependencia operativa y escalabilidad.

**Puntos de Ataque y Contradicción:**

*   **Supervisión como Control de Calidad:**
    *   **Escéptico:** ¿Megan realmente tiene la capacidad de supervisar a *todo* mi equipo de manera efectiva a través de WhatsApp? ¿No se convertirá en un cuello de botella diferente, pasando mi dependencia de procesos lentos gestionados por mí, a la dependencia de una sola persona remota?
    *   **Ataque:** WhatsApp puede ser ineficiente. La calidad de la supervisión podría ser superficial, basada en correcciones rápidas y no en una mejora profunda del entendimiento del equipo.
    *   **Contraargumento:** ""Asegura que cada empleado siga las partituras (procesos) correctamente."" -> *Asume* que los procesos son perfectos. ¿Qué pasa si los procesos son defectuosos o incompletos? Se estaría implementando ""basura"".
*   **Transferencia de Responsabilidad:**
    *   **Escéptico:** ¿Realmente se transfiere la responsabilidad, o simplemente estoy delegando la *tarea* de supervisar? Si algo sale mal, ¿quién asume la responsabilidad *real*? ¿Megan asumirá las pérdidas financieras? Dudo mucho.
    *   **Ataque:** Dependencia a corto plazo. Después de 30 días, ¿qué? Vuelvo al punto de partida, pero con el agravante de tener empleados que *dependieron* de la supervisión externa.
    *   **Contraargumento:** ""La responsabilidad de la correcta aplicación de los procesos se comparte con Megan."" -> FALSO. La responsabilidad final siempre recae sobre mí como propietario del negocio. Es una ilusión de ""compartir"" la responsabilidad.
*   **Escalabilidad:**
    *   **Escéptico:** ¿Estandarizar procesos *garantiza* la escalabilidad? No. Se necesita más: cultura, liderazgo, innovación constante. Los procesos estandarizados pueden, de hecho, sofocar la creatividad y la adaptabilidad.
    *   **Ataque:** Escalabilidad dependiente de procesos *estáticos*. El mercado cambia constantemente. Procesos rígidos crean una empresa inflexible, una receta para el estancamiento.
    *   **Contraargumento:** ""Al estandarizar los procesos y asegurar su implementación, se sientan las bases para un negocio escalable."" -> Simplificación excesiva. Falacia lógica.
*   **Retorno de la Inversión (ROI):**
    *   **Escéptico** ¿Cuál es la forma *tangible* de medir el retorno? ¿Megan lo garantiza por escrito con penalización por incumplimiento? Probablemente no.
    *   **Ataque** Implícitamente asume que el principal problema son los procesos y su implementación. ¿Qué pasa si hay otros problemas fundamentales con el personal, la estrategia de ventas o el producto en sí? Estos problemas podrían enmascarar una falsa resolución.
    *   **Contraargumento** No existe una definición sólida de ""implementación efectiva"" y como esta llevará al crecimiento.

**Conclusión Hiper-Escéptica:**

**No creo en el ROI a corto plazo, y la garantía es débil**.

La ""Garantía de Implementación"" es, muy probablemente, un *instrumento de marketing* brillante pero superficial. Apela a mi deseo de delegar y escalar, pero no ataca las causas fundamentales del problema. Los 30 días son una cortina de humo. El riesgo de dependencia delegada en una sola persona es ALTO. El potencial de desperdicio de $200.000 ARS es elevado, especialmente si los procesos iniciales son defectuosos o si otros problemas están en juego.

**NO INVERTIRÍA** sin una garantía *realmente* sólida y métricas claras de éxito, con penalidades por incumplimiento.
","[VOTO: NO]
"
Agent_0014,XXXX,Medio,NO,"(Con el ceño fruncido, revisando mentalmente la agenda repleta de esta semana)

**Analizando la propuesta desde una perspectiva INTJ:**

Inicialmente, la propuesta de ""De Caos a Control"" me generó escepticismo. Tres días de capacitación suenan insuficientes para cambiar inercias de gestión arraigadas. Los cambios reales requieren tiempo, planificación estratégica y, sobre todo, un seguimiento riguroso.

Sin embargo, el diferencial V2, específicamente la **Garantía de Implementación de 30 días con Megan monitoreando por WhatsApp**, altera significativamente mi percepción. La posibilidad de tener ""acceso privilegiado"" y supervisión directa durante un mes es un factor decisivo.

**Justificación basada en mi MBTI (INTJ):**

*   **Eficiencia y Resultados:** Los INTJ valoramos la eficiencia y la obtención de resultados tangibles. La garantía de implementación minimiza el riesgo de que la capacitación quede en teoría y maximiza la probabilidad de una transformación operativa real. La supervisión por WhatsApp, aunque no ideal en un escenario perfecto, es una herramienta pragmática para asegurar la rendición de cuentas y la aplicación de los procesos.
*   **Visión a Largo Plazo:** Mi objetivo es construir un sistema que funcione de forma autónoma. La profesionalización del personal es crucial para lograrlo. La supervisión de Megan durante 30 días puede sentar las bases para una nueva cultura de trabajo, donde los procesos se internalicen y se sigan de manera consistente, incluso después de que su acompañamiento finalice.
*   **Gestión Estratégica del Riesgo:** La inversión inicial de $200.000 ARS sigue siendo significativa, pero la garantía de implementación la redefine como un **seguro contra el fracaso**. En lugar de un gasto discrecional, pasa a ser una inversión estratégica para proteger mi tiempo, reducir la dependencia de mi presencia física y asegurar la escalabilidad del negocio. Lo veo como un catalizador para una reingeniería a corto plazo, que tiene el potencial de generar un retorno de inversión a mediano y largo plazo al liberar mis recursos para enfocarme en las áreas críticas de crecimiento.

**Conclusión:**

Si bien la propuesta inicial era dudosa, la Garantía de Implementación de 30 días **cambia radicalmente mi perspectiva**. La inversión ya no se percibe únicamente como un gasto en capacitación, sino como una **inversión estratégica en la profesionalización del equipo y aseguramiento de la operatividad**, fundamental para alcanzar la independencia operativa. La posibilidad de tener a Megan ""en el bolsillo"" durante ese período es un catalizador valioso para lograr una transformación cultural y operativa sostenible. La consideraría seriamente.
","(Con los ojos entrecerrados, escudriñando cada línea del análisis INTJ)

""Hmm. Demasiado optimismo. Sospechoso.""

**Análisis Crítico de la ""Justificación"" INTJ:**

Si bien la lógica subyacente es impecable, hay huecos evidentes y potenciales puntos débiles que deben ser explorados sin compasión. Este análisis huele a **sesgo de confirmación**. El deseo inherente de eficiencia y control ha nublado la capacidad de detectar las banderas rojas.

*   **Eficiencia y Resultados: El espejismo de la Garantía:** 30 días no son suficientes para internalizar cambios profundos. La supervisión de WhatsApp es una solución superficial, fácilmente evadible y que genera dependencia. ¿Qué garantía hay de que Megan no simplemente actúe como una niñera virtual, reforzando malos hábitos en lugar de erradicarlos? ¿Cómo se asegura la **transferencia REAL de conocimiento** para que el equipo sea autónomo después de esos 30 días?
*   **Visión a Largo Plazo: Idealismo Peligroso:** El concepto de ""nueva cultura de trabajo"" es una quimera. La cultura se construye con años de consistencia, no con un empujón de 30 días. Es altamente probable que las buenas intenciones se diluyan rápidamente una vez que la supervisión cese. ¿Qué métricas concretas se utilizarán para medir el impacto a largo plazo? ¿Cómo se evita la **regresión a la media**?
*   **Gestión Estratégica del Riesgo: Una Falsa Sensación de Seguridad:** Calificar la garantía como un ""seguro contra el fracaso"" es ingenuo. El fracaso puede adoptar múltiples formas, desde una implementación superficial hasta un sabotaje silencioso por parte del equipo. $200.000 ARS es una inversión considerable, y el ""retorno de inversión"" es una **proyección hipotética** que requiere un análisis de sensibilidad riguroso. ¿Cuáles son los escenarios más pesimistas? ¿Cuánto costaría revertir los daños si la capacitación resulta contraproducente?

**Cuestionamientos adicionales:**

*   **Calidad de la Capacitación:** ¿Qué tan efectiva es la capacitación en sí? ¿Se adapta a las necesidades específicas de la empresa, o es una solución genérica?
*   **Motivación del Equipo:** ¿Está el equipo genuinamente comprometido con el cambio, o simplemente están siguiendo instrucciones por temor?
*   **Competencia de Megan:** ¿Tiene Megan la experiencia y las habilidades necesarias para gestionar un equipo problemático? ¿Cuáles son sus referencias?
*   **Alternativas:** ¿Existen opciones más económicas y efectivas para lograr los mismos objetivos? ¿Tal vez una consultoría enfocada en la reingeniería de procesos?

**Conclusión:**

La Garantía de Implementación es un cebo tentador, diseñado para apelar a las vulnerabilidades de un INTJ. Bajo la superficie, esta propuesta **sigue siendo un riesgo considerable**. Se necesita un análisis exhaustivo, con una mentalidad **implacablemente escéptica**, antes de siquiera pensar en proceder. La independencia operativa no se compra, se construye. Y construir requiere cimientos sólidos, no parches temporales.
","[VOTO: NO]
"
Agent_0015,XXXX,Medio,NO,"(Contexto: Tensión)

(MBTI: Predominantemente Pensamiento (T), posiblemente con una fuerte valoración de la eficiencia y la lógica).

R1 – Análisis:

Inicialmente, la propuesta de Megan a $200.000 ARS parece un gasto considerable, especialmente dado el contexto global de tensión económica. Sin embargo, el diferencial V2, la ""Garantía de Implementación"" de 30 días con acompañamiento por WhatsApp, **cambia radicalmente la percepción**.

Desde mi perspectiva lógica (T), la inversión ahora se transforma en un **seguro de éxito con potencial para generar un retorno significativo a largo plazo.**

Justificación:

1.  **Mitigación de Riesgos:** La implementación es a menudo el eslabón más débil en cualquier cambio de proceso. El acompañamiento directo de Megan durante 30 días minimiza el riesgo de una implementación fallida, asegurando que el equipo internalice los procesos y los aplique consistentemente. Esto reduce la posibilidad de desperdiciar tiempo y recursos en una solución que no funciona.
2.  **Escalabilidad y Delegación (Objetivo Principal):** La profesionalización del negocio, y por ende, la independencia de mi presencia física, es el objetivo primordial. La supervisión de Megan facilita la delegación de responsabilidades. Al asegurar que los mozos sigan los procesos estandarizados, me libera de la necesidad de microgestionar sus tareas diarias.
3.  **Retorno de la Inversión (ROI):** Un servicio al cliente mejorado (gracias a la hospitalidad consciente), una gestión más eficiente (procesos de apertura y cierre optimizados) y la reducción de errores se traducen en mayores ingresos y menores costos. El PDF con los procesos documentados es un activo valioso para la capacitación de nuevos empleados en el futuro, ahorrando tiempo y recursos a largo plazo.
4.  **Valor Percibido vs. Costo Oportunidad:**  El costo de NO implementar un sistema, la pérdida de tiempo por operar de manera ineficiente, y las potenciales pérdidas por errores de personal son mucho mayores a $200.000 ARS a largo plazo.

Conclusión:

Si bien la cifra inicial puede parecer alta, la inclusión de la Garantía de Implementación transforma la inversión en un **activo estratégico**. No se trata simplemente de pagarle a Megan, sino de **comprar tiempo, seguridad y la posibilidad real de escalar el negocio** sin depender exclusivamente de mi presencia física.  El acompañamiento y la supervisión activa aseguran la adopción efectiva de los nuevos procesos, lo que a su vez genera un impacto positivo en la rentabilidad y, crucialmente, en mi libertad como dueño. Por lo tanto, **la propuesta ahora se percibe como un seguro de éxito valioso**.
","Bajo la lupa de la tensión actual, debo examinar con extrema cautela cada afirmación sobre ese supuesto ""seguro de éxito"". La lógica fría me exige diseccionar la promesa de Megan desde una posición de desconfianza inherente.

**Análisis Crítico de las Justificaciones:**

1.  **Mitigación de Riesgos:** ""Minimiza el riesgo de una implementación fallida""... ¿Minimiza o simplemente lo diluye marginalmente? ¿Qué métricas concretas respaldan esa afirmación? 30 días son un periodo corto. ¿Qué tan robusto y completo es el acompañamiento por WhatsApp? ¿Qué pasa el día 31? ¿Existe riesgo de dependencia de Megan a largo plazo? Necesito evidencia concreta, no promesas vagas.
2.  **Escalabilidad y Delegación (Objetivo Principal):** ""Asegurar que los mozos sigan los procesos estandarizados, me libera de la necesidad de microgestionar sus tareas diarias""... Esto asume que los mozos son la raíz del problema. ¿Es realmente así? ¿He analizado a fondo las causas de mi necesidad de microgestionar? ¿Qué garantías tengo de que los mozos seguirán los procesos a largo plazo una vez que Megan se retire? ¿El PDF es realmente tan valioso, o solo un documento más que quedará archivado?
3.  **Retorno de la Inversión (ROI):** ""Mayores ingresos y menores costos""... ¿Cuánto mayores? ¿Cuánto menores? Necesito proyecciones financieras basadas en datos concretos, no en optimismo injustificado. ¿Qué pasa si los clientes no responden positivamente a la ""hospitalidad consciente""? ¿Qué pasa si los nuevos procesos son ineficientes en la práctica?
4.  **Valor Percibido vs. Costo Oportunidad:** ""El costo de NO implementar un sistema... es mucho mayor a $200.000 ARS a largo plazo""... ¿Mucho mayor? ¿Cuánto exactamente? ¿Qué otras alternativas existen a $200.000 ARS? ¿He explorado opciones más económicas que puedan abordar el problema de manera similar? ¿He considerado el costo de oportunidad de NO invertir esos $200.000 ARS en otras áreas del negocio?

**Conclusión Re-Evaluada:**

La ""Garantía de Implementación"" de Megan parece más una estrategia de marketing inteligente que una solución real.  El ""seguro de éxito"" es, en el mejor de los casos, un seguro parcial con una prima alta. En lugar de comprar tiempo y seguridad, podría estar comprando una ilusión de control.

Antes de tomar una decisión, necesito:

*   **Datos concretos:** Proyecciones financieras detalladas y métricas claras para medir el éxito.
*   **Plan de contingencia:** ¿Qué sucede si la implementación falla? ¿Qué pasa después de 30 días?
*   **Análisis de alternativas:** ¿Existen opciones más económicas y/o efectivas?

Con la tensión que me rodea, gastar $200.000 ARS sin una evaluación exhaustiva sería una imprudencia, incluso si se vende como un ""seguro"". **La desconfianza es mi escudo.** Necesito pruebas sólidas, no promesas vacías.
","[VOTO: NO]
"
